Link,Title,Location,Salary,Summary
e11bc11a4d72cc54,MPK / MPI-SD Joint Postdoctoral Position for Ultrafast Nonli...,POSTECH / Max Planck POSTECH/KOREA Res. Init. 대한민국,,"Experience in computer programming using C/C++, FORTRAN, Python, Mathematica or Matlab is highly desirable. The candidate may..."
ea7a7ab6e15151c1,WaveBridge BackEnd Developer 경력직,웨이브릿지 서울 강남구,,"적인 사고 및 알고리즘을 좋아하시는 분 Java, Spring 및 Design Pattern 에 대한 이해 Python 데이터 분석 및 웹개발 경험 RESTful API 서버에 대한 이해 및 구현 능력 기본적인 SQL문 작성..."
7376f377161ea4f2,저축은행 소비자금융본부 Data Science 팀,국내자본 저축은행 서울 구로구,,"향구성 [자격요건] - 4년제 정규 대졸 이상 (통계, 수학, 산업공학 전공자 우대) - 통계프로그램(R, Python) 및 엑셀 활용가능자 - CSS운영 관리 경험자 [전형절차] 서류, 면접 2회 [제출서류] 이력서, 경력..."
1622a08497f8c091,Data Scientist,에너지 거래소 및 에너지데이터 중개 서울,,"금융공학 연구팀과 협업 [자격요건] -유관업무 경력3년 이상 -통계 및 최적화이론, 인공지능모델을 R, Python으로 구현 및 분석 능력 -석사이상 선호 [우대사항] -새로운것을 배우는것에 익숙하며 효율적이며 긍정적인..."
43bf0c7e2b10e9b5,Operations Manager (운영팀장) - 한국,Beam 서울,,"Knowledge of SQL, Python, R, GIS... 무엇이든 할 수 있다""는 태도 • 관련업계 경력자 우대 • SQL, Python, R, GIS 숙련자 우대 • 영어/한국어 능통자, 우수한 영어 말하..."
caccb1d9be6bc918,운영(Business Operation Management) 경력자,유명메신저회사 서울 성동구,,"분 (특히 O2O나 모빌리티 분야) ? 데이터를 분석하고, 프로세스 개선에 적용할 수 있는 분(SQL, Python, R 등) [ 기타조건 ] - 경력 : 5년 이상 - 학력 : 대졸이상 - 채용조건 : 정규직 - 근무지..."
e58c6fe6fd87f03e,Operations Associate (운영팀원) - 한국,Beam 서울,,"business content • Proficiency in SQL, Python, R, GIS is advantageous 자격요건 • 학사학위... 완전한 문서 번역 가능 • SQL, Python, R, GIS 숙련자 우대..."
53ced11b1e0addce,저축은행 디지털뱅킹팀 데이터분석 경력,국내자본 저축은행 서울 구로구,,"고객 분석, 마케팅 분석 - 마케팅 기획 및 실행조직과 협업 경험, 마케팅 데이터 모델링 개발능력 - R, Python, Tableau, SAS, Orange, SQL 등 데이터 분석의 업무를 수행 할 수 있는 개발 언어에..."
7772fd53bc80acde,Senior Business Analyst (Retail Program...,Coupang 3.0 서울,,ecommerce or internet services business * Experience with Python is a plus * Experience with financial modeling/forecasting...
754348a9c3f08d66,Full Stack Developer,"Miso, inc 서울",,"분과 함께하고 싶습니다] * 개발 경력 3년 이상 * Ruby, Python, Go, Node JS 중 하나 이상의 언어에 능숙하신 분 * Ruby... Data Science: Go, Python * Collaboration..."
c1936b77c8be4bcf,빅데이터 플랫폼 및 BI시스템 구축 그룹 IT계열사,그룹 IT계열사 서울특별시,,"Machine Learning(ML) 기본 개념 및 관련 Language( Python) - DB (Oracle, Green Plum, Hadoop 등... 통계분석 방법론 및 분석 tool (R, Python) 경험자 우대"
b8f9206dc9c4a886,광학솔루션사업부 경력사원 (인재Pool),LG이노텍 4.1 경상북도 구미,,"House) 구조 설계 - 산업용 및 협동로봇 운용을 위한 로봇 알고리즘 이해 및 SW 프로그래밍 가능자( Python, C++) ※ Smart Factory 관련업무 및 제조분야 IT 시스템 관련 경력 필수 (3년 이상..."
70f513e9782febab,R&D 연구원 신입 정규직,스칼라웍스 서울 금천구,,Algorithm)를 이해하고 기본적인 코딩 가능한 인재 3) Python Application 관련 개발 업무 (코딩 또는 문제해결) 수행 가능한... 본적인 코딩 가능한 인재 3) Python Application 관련 개발...
de44729f90fcae6e,AI 개발/Data Scientist/시스템 아키텍쳐/빅데이터엔지니어 경...,신한에이아이 서울 영등포구,,"등 - 프로그래밍 언어: Python, Java, R 등 [우대사항... 쿠버네티스 운영 경험 - 인프라에 대한 이해 - 프로그래밍 역량 ( Python, Scala, R 등) - 수학, 통계, 공학 전공 0 명 원서접수..."
59e5ed1c3c1ff691,빅데이터 엔지니어 경력직(정규직),신한에이아이 서울 영등포구,,"Impala 등) [우대사항] - 도커/쿠버네티스 운영 경험 - 인프라에 대한 이해 - 프로그래밍 역량 ( Python, Scala, R 등) - 수학, 통계, 공학 전공 0 명 원서접수 접수기간 상시채용 접수방법 인터넷..."
a6a4b500fa0340d4,"Director, Software Engineering (Coupang...",Coupang 3.0 서울,,"programming language... Java, JavaScript, Scala, Kotlin, or Python * Excellent written and verbal communication skills..."
c6e0b428a62c7eaa,경험최적화파트 - 데이터 사이언티스트/분석가,Nexon 성남 분당구,,피처 탐색 등) - 게임내 행동패턴 로그 분석과 패턴 식별 및 이를 통한 서비스 개선 지원자격 - Python을 사용한 데이터 분석 및 모델 개발 경험 - 머신러닝 라이브러리 활용 경험 - 셀프 모티베이션 - 원활한...
073b7071c036dba2,Developer Relations Manager,NVIDIA 서울,,"experience Familiarity... least one of C, C++, or Python Ways to stand out from the crowd: Comfortable in a hands..."
40454c3ae7eb142d,Data Scientist,Tapjoy 서울,,"field • Solid programming skill of scripting language Python • Ability to work in a fast paced, test-driven collaborative..."
57aa1b90d7626f69,[개발]신사업 프론트 개발자(정규직),위메프 2.3 대한민국,,"성장을 추구하는 개발자 - 웹 Front 개발(javascript, html, css) 기술 보유자 - Python, Ruby, PHP 등 스크립트 언어에 거부감이 없는 자 [우대사항] - 창의적 문제해결 능력과 열정을..."
84348b9371558933,[Autonomous Driving] Software Tool Engin...,네이버 대한민국,,"팀원들과 협업 • 필요역량 ㅇ Python/C/C++ 언어 개발 용이 ㅇ... 다양한 전문 지식을 가진 팀원들과 협업 • 필요역량 ㅇ C/C++, Python 언어 개발 용이 ㅇ Annotation Drawing Tool 또는..."
1b7eb3866d9df69b,기업부설연구소 경력직 채용공고,다나와 서울 목동,,"담당업무 -데브옵스(devops) 환경 구축 및 품질향상 응시자격 - 경력 1~7년 - Java, Python에 대한 이해보유자 - Spring Boot 또는 Express.js 프레임워크 이해 보유자 웹퍼블리셔..."
cae2de07045cfb2b,"Java, Python 영상툴 개발자",에이아이메이커 서울 마곡동,,원하면 가능) 담당업무 - 영상 라벨링 Tool 개발 - Tool 정확성 개선 자격요건 - Java - Python 우대사항 - 관련 개발 경력 - 툴개발 경력 근무조건 - 월~금 AM9:30 ~ PM18:30 복지...
e5cee26a48a7c115,심플로지스와 미래 함께하실 유능한 인재(개발자 및 고객관리) 찾고 있습니...,심플로지스 인천 연수구,,"발자 : - HTML, CSS, Javascript, jquery, LESS 사용가능자 - PHP, RUBY, Python, Java, .net, mysql, oracle, sql server 2. 운영부서 : 고객CS 인터..."
99f592d0e69ead72,"기술연구소 정규직 연력(Java, C++, Python, 기타) 및 ER...",파인씨앤아이 서울 송파구,"연봉 34,000,000원 - 36,000,000원","트웨어 개발 및 AI, 통계분석I) - 경력 : Java 개발경험 2년이상 -개발언어 : Java, C++, Python, Node 등 상세모집요강 접수기간/방법 지원방법 전형절차 및 제출서류 제출서류 이력서에 응시분야..."
a7ec0d69903372b9,AI/챗봇/머신러닝/자연어처리,에이치앤티어세스 서울,,"프라인 설계 및 운영 ㄷ. 대용량의 정형/비정형 데이터 정제 ㄱ. Python, Java, C, C++ 등 1개 이상의 프로그래밍 언어에 능숙하신... 통신·모바일·게임>웹프로그래머> Python|인터넷·IT·통신·모바일·게임..."
37127548f83bb7f7,[Search & Clova] 네이버 웹검색 연구/개발 경력사원,네이버 대한민국,,러닝 패키지 중 한가지를 자신있게 활용할 수 있는 능력 • Linux에서의 개발작업이 익숙하며 Java/ Python/C++ 중 한가지 언어를 잘 다루는 능력 [우대사항] • 검색서비스의 수집/정제/랭킹개발업무 경력 • 포털...
8bda582040d41076,데이터분석 전문가 신입·경력·전문연구요원,베가스 서울 강남구,,인터넷·IT·통신·모바일·게임>빅데이터·AI(인공지능)>데이터분석|인터넷·IT·통신·모바일·게임>빅데이터·AI(인공지능)> Python|인터넷·IT·통신·모바일·게임>빅데이터·AI(인공지능)>R
257110e5aec08f6d,[Search&Clova] Clova 머신러닝 Scientist 개발 신...,네이버 대한민국,,"관련 전공 석 / 박사 학위 보유자 또는 관련 업계 경력 보유자 - Programming Skill · Python (Tensorflow, PyTorch 등의 오픈소스 프레임워크 기반 개발 역량 ) [우대사항 ] · ML..."
1f542078927eb1e4,Data Center Technician,Amzn Corporate Services Korea 서울,,"스크립팅 기술 - Bash, Python, Perl 등 보유자 · 프로젝트... vendors · Scripting skills - Bash, Python, Perl, etc. · Project coordination..."
6d479593b544fa68,카카오 전체의 사용자 플랫폼 만들 서버개발자,카카오 4.2 성남 판교역,,"많으신 분 객체지향 설계, 구현 가능자 유연한 사고와 지속적인 성장을 추구하는 개발자 우대사항 Ruby, Python 활용 능력 모바일(Android, iOS)개발 경험 웹 Front 개발 경험 창의적 문제해결 능력과 열정..."
9bff6cc5a8f53e6e,[개발]웹 서비스 개발자(정규직),위메프 2.3 대한민국,,로운 시스템 적용 등) [우대사항] - 마이크로서비스 아키텍처에 대해 이해하고 설계 경험이 있는 자 - Python 사용 가능자 - 다양한 오픈소스 활용 경험자 - Cloud platform / Redis / MongoDB...
ace8e6bca614d2be,(주)테라젠이텍스 바이오연구소 웹개발자 (정규직),테라젠이텍스 바이오연구소 수원 영통구,,생명과학|전자·기계·기술·화학·연구개발>연구원·연구개발>자연과학|인터넷·IT·통신·모바일·게임>웹프로그래머> Python|인터넷·IT·통신·모바일·게임>웹프로그래머>ASP|인터넷·IT·통신·모바일·게임>웹프로그래머>JSP|인터...
c4ad7086ddcd816d,[KSTEC] 통계/Analytics 신입 및 경력사원,지식시스템 성남 분당구,,"1. SPSS, SAS, R, Python, Java 등 데이터분석... 인공지능)>R|인터넷·IT·통신·모바일·게임>빅데이터·AI(인공지능)> Python|인터넷·IT·통신·모바일·게임>빅데이터·AI(인공지능)>데이터분석..."
5f3a399e83a81379,[개발]위메프오 서비스 서버개발자(정규직),위메프 2.3 대한민국,,"및 운영 3년이상 경험자 - 서버 프로그래밍 언어 중 1개 이상 사용 가능자 : PHP, C/C++, Python, JAVA - 소프트웨어 기본지식 보유자(자료구조, 알고리즘, 분산처리 등) - 스토리지부터 프론트엔트까지..."
66520543e9bb139c,Senior Application Engineer - Technical...,MathWorks 서울,,"MATLAB, R, Python... an enthusiasm... programming languages... C / C++, Python, and Java. Experience with enterprise..."
475cc377417d9a5b,데이터수집개발파트,Nexon 성남 분당구,,"주요업무 - 넥슨 인하우스 데이터 수집 시스템 개발 및 운영 지원자격 - 경력 무관 - Java 또는 Python, Go 중에 개발 경험이 있으신 분 - 클라우드 (AWS or Azure, GCP) 서비스 개발 경험이..."
a311c91c361c70f3,[에이치랩] Front-end 개발자,에이치랩 서울 마포구,"연봉 28,000,000원 - 36,000,000원","이미지 수정 가능 (포토샵, 일러스트레이터 등) - Node.js 및 Python 경험 - 다양한 개발 환경 및 협업에 적극적이신 분 (주)에이치랩... 이터 등) - Node.js 및 Python 경험 - 다양한 개발 환경 및..."
73ecc36bb6231f81,"Principal, QA Engineer (Seller Portal)",Coupang 3.0 서울,,"one another programming language... Java, C#, and Python Preferred: * Experience... advertising... eCommerce..."
bb22e1b9b7683013,"Front End Software Engineer, TensorFlow",Google 4.3 서울,,"Programming abilities and proficiency with backend ( Python, Java). Programming abilities and proficiency in TypeScript. About..."
25725b3c0e607311,Junior Quant Trader,Byzantine Partners 서울,,background is a plus Programming capability is mandatory (i.e. Python) Understanding of machine learning algorithm is a plus...
1c90165f772bc595,Data Scientist(SCM S&OP),Coupang 3.0 서울,,"cross-functional teams using SQL, R, Python or equivalent * Communicate, educate... tool kits (R, Python, SQL, Hadoop, AWS..."
a24b1ac91024ce54,교보악사자산운용 QUANT팀,교보악사자산운용 대한민국,,"0명 2. 지원자격 1) 2020년 2월 졸업 예정자 또는 졸업자 2) 통계패키지(R) 또는 프로그래밍 툴( Python) 사용 능력 필수(전공 불문) 3) 투자자산운용사, CFA, FRM 자격증 보유자 우대, 영어 능통자..."
7d85150a375cfacf,[Search & Clova] BigData and AI Platform...,네이버 대한민국,,터에서 수행되는 다양한 작업에 대한 문제 해결과 성능 향상을 위한 기술 제안 [필수조건] - Java / Python / C / C++ 개발 가능 (경력사원의 경우 1년 이상의 경력) - 리눅스 환경에서의 개발 경험 - 우수...
aac8e9355cb855ac,[인재풀] 아티스트,Electronic Arts 서울,,Maya or 3D Max등의 아트웍 툴 사용 경험 - Max script 또는 Mel Script의 사용 경험 - C# 또는 Python 언어에 대한 이해 및 활용 능력 - 아트웍 관련 툴 제작 또는 플러그인 제작 경험
0b77f6f5f4862300,"서버·네트워크개발, 소프트웨어개발 외 경력 정규직",데이빅스 서울 구로구,,Python|인터넷·IT·통신·모바일·게임>웹프로그래머>JAVA|인터넷·IT·통신·모바일·게임>웹프로그래머>백엔드|인터넷·IT·통신·모바일·게임>웹프로그래머>프론트엔드|인터넷·IT·통신·모바일·게임>웹프로그래머> Python...
c7a6cbee7ca553f4,CUBRID 오픈 소스 프로젝트 개발,큐브리드 서울 강남구,,"젝트 참여 경험 * DBMS 또는 컴파일러 전공(석사 이상) * C/C++/JAVA 외에 다른 언어(PHP, Python, HTML5, JavaScript 등)로 개발 경험 * 영어로 기술 문서 작성 및 회화 가능자 *공통..."
0184fd84022533a6,Datacenter Engineer,Oracle 3.8 서울,,"Base Operating System Install • Some experience with Perl, Python, Bash or Java • Core OS Services: ssh, telnet, ftp, nfs..."
e6102500056b81b1,데이터분석(대리이상) 에듀테크 선두기업,에듀테크 선두기업 서울특별시,,"사항] 데이터 분석, 머신러닝 또는 통계학 관련 전공자 데이터 분석 도구 활용 역량 보유자 (SQL, SPARK , Python, R, Tableau 등) AWS 사용 경험자 로그 및 데이터 분석 아키텍처에 대한 이해 가능자"
d1725fbd4b0b1e5f,[해외취업] 소프트 웨어 개발 엔지니어,파소나 대한민국,,"Embedded Software Engineer、System Architecture、C++, C、 Python、Java Script、Real Time OS: VxWork(Embedded)、QNX、programming..."
7c7f6f9c070d78bd,Robot SW Engineer 그룹 IT인프라 구축,그룹 IT인프라 구축 서울특별시,,"대한 기본 이해(Git 등)"" Skill - Robot Application 개발 기술: C#, C++, Python, ROS, Linux 등 - Machine Learning 적용 알고리즘 구현 및 운영 - Vision..."
25432db13648cddc,"컨설팅회사 분야별(PMO,PI,ISP, Data Analytics등)컨설...",글로벌 메이저 컨설팅회사 서울 여의도역,"연봉 60,000,000원 - 150,000,000원","7년 이상15년 이하 응시자격 : - 산업공학, 통계학, 전산학, 경영학, 기타 유사 전공 선호 - 분석(R, Python, SAS, JAVA 등), 시각화(Spotfire, Tableau, Qlik 등), SQL 등 각종..."
d71794dc69947981,소프트웨어 엔지니어,Nexon 성남 분당구,,주요업무 - 넥슨 글로벌 플랫폼의 게임 클라이언트 배포 시스템 및 어플리케이션 개발 지원자격 - C++ 혹은 Python 프로그래밍 언어 능숙자 - 비동기 및 병렬처리 프로그래밍 경험 우대사항 - Modern C++ (11...
de8ad67cf88179fe,DevOps Engineer,Nielsen 3.8 서울,,"least one... following programming languages: C/C++, Python, Go, JavaScript Knowledge in network and multithread..."
12864725e51449a9,WebRTC UC & Collaboration Developer,에릭슨엘지 서울 금천구,,Studio 인터넷·IT·통신·모바일·게임>웹프로그래머>프론트엔드|인터넷·IT·통신·모바일·게임>웹프로그래머> Python|인터넷·IT·통신·모바일·게임>웹프로그래머>백엔드|인터넷·IT·통신·모바일·게임>웹프로그래머>HTML...
fa190cab482a619b,이마고웍스㈜에서 웹 개발자,이마고웍스 서울 동대문구,"연봉 30,000,000원 - 32,000,000원","서비스 개발 경력 3년 이상 혹은 그에 준하는 능력 보유자 주요 개발 언어: Python, Javascript, React, Typescript Python, Node.JS, Mongo DB, Flask, Typescript..."
e4efcb9edde1640b,이공계 취업연계 연수생,경기도경제과학진흥원 서울 서초구,,"러닝 시스템 개발 자바, C, Python 가능자 아이웨이 서비스 외... 구축 정보처리기사 자격증 보유자 - 연수과정 과정명 JAVA와 Python기반 빅데이터 양성과정 모집인원 20명 20명 전문연수 (16..."
71c47ac87bb4087e,기술 인턴 인공지능 응용 연구/개발 인턴,써로마인드로보틱스 서울 관악구,,"6개월) (협의) *모집 절차: 서류 à인터뷰(오프라인) *지원 자격: 프로그래밍 언어 활용 능력: Python, C, C++ 중 1가지 이상 데이터구조, 알고리즘 과목 이수 머신러닝과 딥러닝의 기본 개념 이해 머신러닝..."
e11bc11a4d72cc54,MPK / MPI-SD Joint Postdoctoral Position for Ultrafast Nonli...,POSTECH / Max Planck POSTECH/KOREA Res. Init. 대한민국,,"Experience in computer programming using C/C++, FORTRAN, Python, Mathematica or Matlab is highly desirable. The candidate may..."
ac0685d33e903fb5,IT대기업 데이터 분석/마케팅/컨설팅/전략/기획,IT대기업 서울,,"역할 수행 경험 3년 이상 - 고객 데이터 분석 경험 보유(고객 구매이력, 행동데이터 등 고객 기반 데이터 분석) - R, SAS, Python, SQL 활용 가능 근무 형태: 정규직 경력: * 데이터: 5년 (필수)"
8c8700db243d1a3c,"Application Engineer, Sr II",Synopsys 서울,,"Working knowledge of scripting languages like TCL, Unix Shell, Python, or Perl. Prior AE/design experience is a plus. Working..."
80aabe146d2855e5,Solution Architect,OSF Commerce 대한민국,,"Experienced with web technologies (JavaScript, Java, .net, PHP, Python or Node.js), SOA, application servers, portal servers..."
33da210b05e4dac7,"Design Consultant, Sr II",Synopsys 대한민국,,"DFT, MBIST, and ATPG tools. • Experience scripting... Python and Tcl. Experience with Verilog or SystemVerilog RTL..."
e11bc11a4d72cc54,MPK / MPI-SD Joint Postdoctoral Position for Ultrafast Nonli...,POSTECH / Max Planck POSTECH/KOREA Res. Init. 대한민국,,"Experience in computer programming using C/C++, FORTRAN, Python, Mathematica or Matlab is highly desirable. The candidate may..."
46e64783bd9d2d0d,데이터 전문가 경력,LG CNS 3.7 서울,,"3년 이상 ② , Python, SQL 활용 가능 우대사항 (해당 내용 중 1개 이상) ① AI/빅데이터 분석 프로젝트 PM/PL 경험 보유 ② AI/빅데이터 분석 프로젝트 경험 10년 이상 ③ R, Python, SAS 중..."
feac8a234b715106,네이버 일본 맛집 서비스 CONOMI 머신러닝 개발자,네이버 대한민국,,"2 년 이상 ) - 컴퓨터 관련 전공자 수준의 프로그래밍 역량 (Linux/Shell, C++, Python, TensorFlow, PyTorch 등 ) - Production level 의 machine learning..."
20d40ee61adffeca,챗봇 플랫폼 개발자,카카오 4.2 성남 판교역,,"서비스에 대한 두려움이 없으신 분 서버 개발 Java, Scala, Kotlin 등의 JVM 기반 언어 및 Python을 이용해서 실서비스 개발 및 운영해보신 분 데이터 엔지니어 Kafka, Elasticsearch..."
70af6d0fdff6d1ae,"C#, Python 개발자",블루솔루션즈 서울 강남구,"월급 1,600,000원 - 1,800,000원","지원자격 경력 신입·경력 학력 - 성별 무관 기타 담당업무 C# , Python 개발자 모집합니다. 당사는 국내 RPA 엔진 개발 진행 중으로, RPA(Tool) 개발자를 모집하고 있습니다. RPA는 규칙 반복적인 사무업무를..."
3a08c7089343733d,광고팀 - 분석가,Nexon 성남 분당구,,및 커뮤니케이션 능력 - (필수) 새로운 기술 습득에 능동적이고 거부감이 없는 분 - (선택) R 혹은 Python을 이용한 데이터분석 능력 - (선택) SQL 기본 활용 능력 - (선택) 통계 및 분석에 대한 이론...
61ecdc0ef3cfb66a,[경력] 빅데이터 플랫폼 엔지니어,카카오 4.2 성남 판교역,,"원자격 <기술> 전산 전공 또는 그에 준하는 실무 경험을 갖추신 분 Java 필수, 그 외 Scala, Python, Ruby 중 1개 이상 언어로 개발 가능하신 분 하둡 플랫폼에 대한 기본 지식을 갖추신 분 하둡 클러스..."
c3c0448a294b2db0,Application Analyst,Hewlett Packard Enterprise 3.8 대전,,"programming and scripting (e.g. C++, Fortran, Perl, Python etc.) Demonstrated good judgment in selecting methods..."
eaee1538d8cc832f,메시지발송 플랫폼 개발자,Nexon 성남 분당구,,"개발 가능하면서 python 개발 경험 소유자(또는 Python 개발 가능... NET 또는 python 개발 경력 5년이상 - 자동화를 위한 스크립트(powershell, bash, python 등) 경험 - Windows..."
9b123ff73f89c0e5,[개발]상담시스템 백엔드 개발자(정규직),위메프 2.3 대한민국,,"개발 및 연동 - Vue.js, Python, Django를 이용한 신규... Python 등으로 웹개발 경험 필수 - 웹 Front 개발(javascript, html, css) 기술 보유자 [우대사항] - Python..."
691f61972f31c777,이탈방지팀-서비스 개발자,Nexon 성남 분당구,,"Hbase, Presto, Hive 등 빅데이터 프레임웍을 활용한 ETL 지원자격 - 경력제한 없음 - Python, Nodejs 기반 웹서비스 개발 기술 스택 사용 경험 - aws 서비스 기반 dev-ops 경험..."
58f5e1b4d914a043,응용프로그램개발(C·C++/Python/C#外 2개 부문),카이어 서울 강남구,,지원자격 경력 신입·경력 학력 대학교졸업(4년) 성별 무관 기타 담당업무 응용프로그램개발(C·C++/ Python/C#外 2개 부문) 채용 커리어 양식 지원 아직 커리어에 이력서를 등록하지 않으셨다면!!상세 이력서 등록하기...
554c2e55cc985488,Data Scientist,Supercell 서울,,innovate and work independently Strong SQL skills and strong Python or R skills; familiarity with Jupyter or RStudio a plus...
83afcd111984f51c,데이터연동개발팀 - 데이터엔지니어,Nexon 성남 분당구,,환경에서 ETL 개발 경험이 있으신 분 - SQL 및 스크립트 활용 능력이 뛰어나신 분 우대사항 - Python이나 Scala 등과 같은 프로그래밍 언어를 활용하여 ETL 개발이 가능하신 분 - 아마존 웹서비스(AWS...
4233609a843b5e96,분석지원팀 - 데이터 분석가,Nexon 성남 분당구,,및 커뮤니케이션 능력 - (필수) 새로운 기술 습득에 능동적이고 거부감이 없는 분 - (선택) R 혹은 Python을 이용한 데이터분석 능력 - (선택) SQL 기본 활용 능력 - (선택) 통계 및 분석에 대한 이론...
a26c6742b80a60ba,[ 2020 YG ENTERTAINMENT ] 정보관리팀 경력 (IT시스...,YG 엔터테인먼트 서울 합정동,,"리기사 보유자 - 개발 프로젝트 참여 경력 보유자 - PM/PL 업무 수행 가능자 - 개발언어(PHP/ Python), SE/NE 업무 가능자 - 원만한 커뮤니케이션 및 교류 가능자 # 접수방법 - 당사 Recruit..."
2cfcbfbe70232dbc,Technical Leader - OPC,Siemens AG 4.0 경기도 성남,,"English. Proficiency in Unix shell scripting, Tcl, Python, and other scripting languages as a plus. Strong analytical..."
fb617eeb80ea6fa9,AI/빅데이터 분야 (인재 Pool),LG유플러스 3.8 서울,,"Science를 위한 언어(R/ Python) 및 Tool(scikit-learn/Tensorflow 등) 능숙자 . Deep Learning Model 구현 경험자 . Java, Python등을 이용하여 분석을 위한 Data..."
f7b3c8657e731980,데이터 분석/자연어 처리 파이썬(Python) ...,윕스 서울 마포구,,및 자연어 처리 - 고용 형태: 정규직 * 담당 업무 (1) Python을 통한 데이터 분석 및 자연어 처리 (2) NoSQL을 활용한 기반... 경력 5년 이하 우대조건 - Python을 활용한 자연어 처리 경험자...
0bbf23c0930be392,Support Engineer,Microsoft 4.2 서울,,"Linux script-based development environments and tools (PERL, Python, Ruby, PhP, etc.) Programming language (C++/C#) Please..."
c137c104d2fcaffa,(주)신한디에스 2020년 상반기 경력직 (~03.04),신한DS 서울,,"운영 [담당업무] - 수신업무, 퇴직연금, CMS, 계좌관리, 고객관리 [자격요건] - Pro*c, C, Python, Oracle - 대외계 업무 [우대사항] - 은행(저축은행) 수신업무경력 , 대외계 운영 서울 중구..."
7db25ada717266e0,[Search&Clova] Clova AI / AiCall 개발자 경력사...,네이버 대한민국,,내부 도구 개발 [필요역량] - Python 혹은 비슷한 유형의 언어 개발... 데이터 전처리 자동화 및 MLOps [필요역량] - Kotlin / Python / Go 중 하나 이상 능숙하게 개발 가능하신 분 - 디자인 패턴...
1937ebb0ea172f08,데이터 엔지니어,리디 서울특별시,,"환경에서의 데이터 파이프라인 구축 및 운영 경험 GA, Tableau 등 외부 분석/시각화 도구에 대한 지식 Python, Java, Scala 중 하나 이상을 이용한 개발 경험 [지원 시 유의 사항] 이름, E-mail..."
530a598184580c95,데스크탑 가상화(VDI) 엔지니어,카카오 4.2 성남 판교역,,"기본적 이해 리눅스 시스템에 대한 기본적 이해 우대사항 시스템 엔지니어 경력자 Powershell, Python, Shell 스크립트를 이용한 인프라 관리 자동화 경험자 부드러운 커뮤니케이션, 친절한 마인드의 소유자..."
166aa0c72e94a266,Business Data Analyst,Soomgo 서울 강남구,,"경제학, data analysis 등 관련 전공 또는 데이터 분석 관련 경력 있으신 분 우대사항 • Python 또는 R 을 사용하여 데이터 분석에 활용 가능 • O2O 및 플랫폼 비즈니스 경험 [숨고멤버 Join..."
752a4b5d63eac97c,백엔드 Engineer (Python),Soomgo 서울 강남구,,래픽 처리를 위한 AWS 인프라 구축 • 5년 이상의 웹/앱 서비스 백엔드 시스템 개발 경험이 있는 분 • Python 언어를 활용한 개발 경험이 있는 분 • 성능 최적화에 대해 지속적으로 고민하고 노력하시는 분 • AWS...
f775c2b405edea87,"Computer Vision Engineer, Perception – A...",NVIDIA 서울,,"PyTorch, etc). Strong programming skills in C++... python. Outstanding communication and teamwork skills as we work..."
7b96b63ac704d98a,AI Scientist - Symbolic AI (Natural Lang...,MIND AI 서울,"연봉 60,000,000원 - 100,000,000원","relation frameworks * Experience in programming in Perl, Python, or another scripting language * Experience in using grammars..."
d2ca1a4025dbb1a7,"기업부설연구소 연구원 (인공지능(AI), 딥러닝), 소프트웨어 개발자 신...",테크에이스 솔루션 서울 금천구,,통신·모바일·게임>빅데이터·AI(인공지능)>데이터분석|인터넷·IT·통신·모바일·게임>빅데이터·AI(인공지능)> Python|인터넷·IT·통신·모바일·게임>빅데이터·AI(인공지능)>머신러닝|인터넷·IT·통신·모바일·게임>빅데이터...
506af83690f07509,[KSTEC] 2020년 신입 및 경력 (SW개발자),지식시스템 성남 분당구,,"능화 (의사결정 자동화) 시스템 개발 (SPSS, SAS, R, Python, Java 기반) 2. 기업용 데이터과학 & 인공지능 플랫폼... 1. SPSS, SAS, R, Python, Java 등 데이터분석..."
35f16e65f031d7e9,[해외취업] Sales Application Engineer,Materialise Sdn Bhd 대한민국,,experience/qualification in Scripting language skill ( Python) is added advantage - A natural interest and passion for 3D...
fb0d4b29731b536d,백엔드 엔지니어 (e-커머스),리디 서울특별시,,대용량 트래픽 운영 경험 MSA에 대한 이해도가 있으신 분 RDBMS에 대한 깊은 이해도가 있으신 분 Python/Django 혹은 Java/Spring 개발 경험이 있으신 분 콘텐츠 혹은 커머스 서비스 개발 경험 [지원...
0c73ef7efc258db7,Platform Application Engineer,Intel 4.1 서울,,"development, however some assembly language programming and Python scripts may be required Qualifications  Should have..."
4eed307c6e0ec07e,[Robotics] Deep Reinforcement Learning E...,네이버랩스 성남 분당구,,"learning framework 활용 능숙 ㅇ ROS, ROS2 와 같은 로봇 미들웨어 활용 개발 경험 ㅇ Python 언어 활용 능숙 ㅇ Unity3D, UnrealEngine4 등 3D 엔진 기반 개발 경험 혹은..."
b4cd3d301442dd16,Software Engineer (Backend),Streami 서울,"연봉 30,000,000원 - 80,000,000원","Experience in JavaScript, Python or Java... one of: Modern Javascript, Java, Python * Experience building and maintaining..."
9a17133e36675189,"Research Intern, 2020",Google 4.3 서울,,"Algorithmic Foundations of Optimization. Experience with Python, C++ and other general purpose program languages. Experience..."
f281c810daf0e10d,카카오 네트워크 엔지니어,카카오 4.2 성남 판교역,,"있는 자신감 넘치시는 분 (기술, 응대 모든 면에서) 해외여행 결격사유 없는 분 선호 자격 bash, python 등을 이용한 인프라 관리 자동화 스크립트 가능하신 분 인프라 운영 및 관리 관련 Tool 개발/경험이 있으..."
bfc63c0dc39852e3,딥러닝 전문연구요원 특별,베이리스 성남 수정구,,"상처리 소프트 웨어 개발 자격요건 - 석사이상 학위 소지 및 20년 2월 석사 졸업 예정자 - C++/ python 프로그래밍 스킬 우대조건 - tensorflow, pytorch 등등 딥러닝 프레임워크 사용경험 - 영상..."
48090bdf1303bd76,매칭팀 - 데이터분석가,Nexon 성남 분당구,,및 대시보드 설계 지원자격 - (필수) 데이터 정제 및 머신러닝 기법 적용에 필요한 프로그래밍 능력 (R or Python) - (필수) SQL 기본 활용 능력 - (선택) Spark를 활용한 데이터 처리 및 분석 능력...
7f28afa9faba22bd,모바일앱 분석툴 유저해빗 웹개발자,유저해빗 서울 마포구,,인터넷·IT·통신·모바일·게임>웹프로그래머>프론트엔드|인터넷·IT·통신·모바일·게임>웹프로그래머> Python|인터넷·IT·통신·모바일·게임>웹프로그래머>JSP|인터넷·IT·통신·모바일·게임>응용프로그래머>Objective-C...
ceca6e4348accfb3,[네이버파이낸셜] CSS 모델 개발 및 운영 담당자,네이버파이낸셜 성남 분당구,,"사항] - 비 금융 데이터 분석 경험이 있으신 분 - R, Python 등을 활용한 ML 개발 경험이 있으신 분 [채용조건... 정규... 통신·모바일·게임>응용프로그래머> Python|인터넷·IT·통신·모바일·게임..."
05d6f01f9a494a1b,[Robotics] Deep Reinforcement Learning E...,네이버 대한민국,,"learning framework 활용 능숙 ㅇ ROS, ROS2 와 같은 로봇 미들웨어 활용 개발 경험 ㅇ Python 언어 활용 능숙 ㅇ Unity3D, UnrealEngine4 등 3D 엔진 기반 개발 경험 혹은 여타..."
d040feba158dfcd2,자산운용본부 경력사원 채용,삼성생명 4.1 서울 서초동,,"성과 분석 및 개선방안 도출 [지원자격] - 이자율 파생상품 관련 실무경력 3년↑ (과장급) - C#, Python, VBA, R 등 개발언어를 활용한 실무경험 [우대사항] - 금융공학, 수학, 물리, 통계, 경영, 경제..."
3e2a310c9dd0f693,[멜론] 빅데이터 서비스 개발자,카카오 4.2 성남 판교역,,"리즘, OS, 네트워크, SQL의 기초 지식 보유 긍정적이고 원활한 커뮤니케이션 스킬 소유자 우대 사항 Python 지식 보유 기계 학습(또는 딥러닝)에 대한 이해와 경험 데이터 시각화 도구 개발 경험 DevOps 경험..."
176e39ef13f991e4,"(Senior) Actuarial Consultant, Valuation...",Munich Re 서울,,"platform is an advantage; Proficiency... SQL, VBA and Python/R; Strong teamwork skills... willingness to share..."
85929aac498299cc,데이터 사이언스 전문가 및 머신러닝 전문가,카카오 4.2 성남 판교역,,명시해 주시기 바랍니다. 지원자격 개발 경력 2년 이상 머신 러닝/데이터 사이언스를 위한 언어(R/ Python/Scala) 및 도구(scikit-learn/Spark MLlib/Tensorflow/Pytorch 등)를...
17ebefe1665a41f0,[경기 안산] 데이터분석(머신러닝기반/ 빅데이터 통계/분석) 경력 정규직...,클라우즈랩 안산 단원구,,"및 분석 리포팅 역량 2) 통계 분석 Tool 사용가능자 : R, Python등 3) 다양한 데이터분석 알고리즘을 활용한 Data Modeling... 게임>빅데이터·AI(인공지능)> Python|인터넷·IT·통신·모바일·게임..."
2a4041f0b6aeb27b,RF SW Engineer,Qualcomm 4.1 서울,,programming skill in C/C++ - Visual C++ / Java / Python programming skill is plus - Strong experience in RF software...
ba738a285b5823c3,Enterprise Sales Engineer,DataDog 대한민국 +1 지역,,"technologies. Programming experience. Extra points for Java, Python, Ruby, Go, Node.JS, PHP... NET Experience in systems..."
e11bc11a4d72cc54,MPK / MPI-SD Joint Postdoctoral Position for Ultrafast Nonli...,POSTECH / Max Planck POSTECH/KOREA Res. Init. 대한민국,,"Experience in computer programming using C/C++, FORTRAN, Python, Mathematica or Matlab is highly desirable. The candidate may..."
cb4add65c87c626a,1분기 Software Engineer,이스트게임즈 서울 서초구,,"Objective C, Kotlin, Java, JavaScript, Python, Go. - 새로운 프로그래밍 언어를 습득하는데 어려움이 없거... C|인터넷·IT·통신·모바일·게임>응용프로그래머> Python"
cac18e6bcbee5a21,Front end 개발자,브릭 성남 분당구,"연봉 28,000,000원","ElasticSearch 사용 언어 (빈도수 순) : Java, C#, Javascript, Scala, Python, R, C++ 7. 근무 조건 근무장소 : 경기도 성남시 분당구 판교역로 230, 309호(삼환하이펙스..."
ebbcfb8fb26b4e32,(주)이브이패스 데이터분석팀 직원,이브이패스 제주 제주시,"월급 1,900,000원","[직무내용] 전공 - [필수] 데이터 수집 및 크롤링, 데이터분석, 업무 자동화 등 컴퓨터 활용능력 - [필수] Python 사용 경험 1년 이상/ numpy, pandas, matplotlib, beautifulsoup 라이브..."
ba26ecf33dcf82ad,(경력) 정규직 웹개발자,알에스팀 대전 서구,,"알에스팀 PHP, Python 경력 정규직 채용 모집부문 및 자격요건 담당업무 자격요건 인원 [담당업무] 웹개발/ 앱개발/ IOT솔루션 개발... 프로그래머>PHP |인터넷·IT·통신·모바일·게임>웹프로그래머> Python"
7adfd2b51f057d3a,경력사원 수시,두산 정보통신 서울,,"5년 이상 3. 기업의 AI, Machine Learning 관련 프로젝트 수행경험 4. SAS, R, Python, SQL 등 하나 이상의 분석언어 숙련자 5. Tensorflow, Keras 등 ML 툴 사용 가능자..."
8ac03ab0d03d8df4,[펜타시큐리티] 클라우드 보안 제품 개발자 (경력),펜타시큐리티시스템 서울 영등포구,,방화벽|인터넷·IT·통신·모바일·게임>응용프로그래머>JAVA|인터넷·IT·통신·모바일·게임>응용프로그래머> Python|인터넷·IT·통신·모바일·게임>웹프로그래머>JAVA|인터넷·IT·통신·모바일·게임>웹프로그래머> Python
cb286253682cb876,[던전앤파이터] 클라이언트 툴 프로그래머,네오플 서울 강남구,,"경험이 있으신 분 - DB / Web 기반 툴 제작 경험이 있으신 분 - 스크립트 언어로 작업을 해보신 분 ( python, php 등) - 외부 도구(3rd party tool)를 평가 / 적용 / 커스터마이즈 적용 능력이..."
05439002712f8135,차세대 광-무선 가입자망 연구센터 연구전담교수,광주과학기술원 광주 북구,,"분야 PCB Layout 및 제작 분야 -생체신호 관련 신호 분석 및 처리 실무 경험자 MATLAB, Python 등을 이용한 뇌신호 처리 및 분석 가능자 박사학위 소지자 우대사항 ① 국가보훈대상자(취업보호대상자..."
674466316840f8f5,Senior Robotics Software Engineer,Bear Robotics 서울,,"related field Proficiency in Linux Experts in C++ and Python Preferred Experience: ROS, navigation stack, robotic control..."
b574f1454ae36aab,Cross Border Ecommerce - Business Intell...,Shopee 서울,,business analyst related roles * Proficient in SQL and Python * Strong analytical skill and sensitivity to data * Strong oral...
bfb1ea205bbeec5b,"빅데이터, 인공지능(AI) 외 신입/경력 정규직",해라소프트웨어 대한민국,,모바일·게임>빅데이터·AI(인공지능)>인공지능(AI)|인터넷·IT·통신·모바일·게임>빅데이터·AI(인공지능)> Python|인터넷·IT·통신·모바일·게임>빅데이터·AI(인공지능)>머신러닝|인터넷·IT·통신·모바일·게임>빅데이터...
9ec6ee8ffbdef537,Client Solutions Engineer,Cover Genius 서울,,"practical experience. 3+ years programming experience in Python, Java, or PHP. 2 years of experience with web technologies..."
f96c6c892a013cf0,(주)엘솔루 웹개발자,㈜엘솔루 서울,,Javascript / React / Python / NodeJS 개발... Stack 개발 유경험자 ㆍJavaScript / React / Python / Node.js 개발 유경험자 ㆍNode.js 개발 유경험자 ㆍ...
b9c747b10bd5e3ce,Data Scientist 다수 (국내 금융대기업),디에스파트너즈그룹 서울,,"우대조건] - 빅데이터 에코 시스템 기반 데이터 분석 경험자 - Agile Scrum 기반 프로젝트 경험자 - Python 기반 라이브러리 개발, 패키징 및 배포 - 대량의 코드 분석 및 코드리뷰에 능숙하신 분 [전형과정..."
703240f1af245dde,Cloud Storage Architect 국내 IT 대기업,국내 IT 대기업 서울특별시,,"contribution 경험 - 자동화 구현 솔루션/언어 사용 경험 (Ansible, Chef, puppet, Python, JSON, YAML 등) ※ 우대사항 - 클라우드 스토리지 서비스 구축/운영 경험자 - 스토리지..."
2d83dcf8baac736b,Technical Solutions Engineer,MightyHive 서울,,"dev experience * Data Analysis in Python and R * Machine Learning, Tensor Flow... 컨설팅, 사업 개발 경험 * Python and R 을 활용한 데이터..."
7268328c0d71d81c,Junior Full-Stack Developer,Asiance 서울,,"React 혹은 WordPress 등의 CMS도 사용. • Python, Node.js, Java, PHP for backend development. • Python, Node.js, Java, PHP 등을 사용하여 백엔드..."
89a689a00d8170bc,Core Researcher,Terra 서울,,blockchain Proficient at probabilistic modeling and scripting ( Python/R) Fluency in game theory and mechanism design a plus...
072e19aecc5926bb,[메가존] 2020년 상반기 구글클라우드 직무별,메가존 서울 강남구,,"있어야 함 eg : Java, Python) 또는 On Prem 의 서버... 게임>웹프로그래머>JAVA|인터넷·IT·통신·모바일·게임>웹프로그래머> Python|인터넷·IT·통신·모바일·게임>응용프로그래머>머신러닝(ML)|인터넷..."
d6c05c588971df5a,백엔드 파운트 시스템 엔지니어 (현재 급여수준 이상 보장),파운트 서울 충정로역,,"경험 - Linux명령어 및shell스크립트 작성 능숙 우대사항 - Python, Java등을 이용한 프로그래밍 경험 네트워크및 서버에 대한 표준화... 립트 작성 능숙 우대사항 - Python, Java등을 이용한 프로그래..."
c3e6eb8b95b378da,"소프트웨어,웹 (초급,신입)개발자",글로컬드림아카데미 충청남도 아산,"연봉 22,000,000원 - 30,000,000원","요건 담당업무 자격요건 인원 [담당업무] - 웹페이지 ,앱 관련 개발 - 개발,디자인,기획 관련 - Python,Django 사용가능자 우대 - 경력 단절 여성 우대 - 경력자 업무시간/날짜 조절 가능 - 교육..."
b43456854fc35790,동아대학교 미디어디바이스연구센터 S/W Engineer 연구원,동아대학교 산학협력단 부산 사하구,"연봉 24,000,000원 - 50,000,000원","펌웨어, 임베디드, 윈도우 어플리케이션 개발 - AI 모델, Back-End 개발 - C/C++(필수), Python, JAVA (옵션) - Caffe, Tensorflow, Keras 등 딥러닝 프레임워크 경험자 우대..."
6718bba08ef6e20b,모바일 앱 보안 솔루션 개발부문,스틸리언 서울 용산구,,"Android/iOS 모바일 앱 보안 제품입니다. - 앱수트는 C, Python 등을 통해 주로 개발합니다. - 앱수트 제품군에는 위변조 방지, 난독... 2) - Objective C, Python, C언어, Swift 개발..."
ab157cc80acdbe96,지스트 블록체인인터넷경제연구센터 계약직(연구원),광주과학기술원 광주 북구,,분류시스템 연구 블록체인 연구 1) 4 년제 대학 이상 졸업자 2) SW프로그래밍 제작 경험자 3) Python/C/Java/Go 프로그래밍 가능자 우대사항 ① 국가보훈대상자(취업보호대상자) 및 장애인은 관련 법령...
e5c63f4e86ceefda,Technical Writer,SendBird 서울,,"following languages; Objective-C, Java, Swift, JavaScript, and Python ABOUT SENDBIRD... SendBird... world..."
d66914db200312e0,TECH U Associate Solutions Architect - 2...,Amazon Web Services Korea LLC 서울,,"languages: Java, Python, Ruby, Node.js... programming (Node.JS, Java, Ruby, C#, Python, or PHP) · Demonstrated ability..."
a3a65a4d59061430,위시켓과 함께할 서버개발자님,위시켓 서울 강남구,,"를 활용한 정적 페이지 연계 - Docker, Jenkins 등을 활용한 CI/CD 개선 자격조건 - Python 기반의 프레임워크를 이용한 웹서비스 구축 또는 운영 경험 - Django 기반의 웹 서비스 구축 또는 운영..."
ab1765f0707f634c,[펜타시큐리티] IT보안기술 개발자,펜타시큐리티시스템 서울 영등포구,,웹프로그래머>프론트엔드|인터넷·IT·통신·모바일·게임>웹프로그래머> Python|인터넷·IT·통신·모바일·게임>응용프로그래머>JAVA|인터넷·IT·통신... 그래머>Linux|인터넷·IT·통신·모바일·게임>응용프로그래머> Python
de210ffb5a9ee0c4,카카오톡 신규 서비스 서버 개발자,카카오 4.2 성남 판교역,,"구조 개선, 운영 경험 데이터베이스와 캐시 연동 (Redis, memcached, MySQL 등) Kotlin, Python 언어 경험 네트워크 프로그래밍 경험 MQ, Kafka, Elastic Search 등의 도입, 연동..."
c13abffb44505877,NXLog팀 - 소프트웨어 엔지니어,Nexon 성남 분당구,,"스키마 설계/관리/모니터링에 필요한 솔루션 개발. 지원자격 - C++ / C# / JavaScript / Python / GO 언어 중 한가지 이상의 언어를 능숙히 사용하시는 분. - 자료구조, 알고리즘, 데이터베이스 등..."
3593997b29d7bc8a,"[데이터 사이언티스트] 이미지 처리 기반 (R, Python, C++)",세계에서 가장 빠른 슈퍼박테리아 검사기술기업 서울 가산동,"연봉 40,000,000원 - 80,000,000원","자격요건 ] 학력 : 석사 이상 경력 : 경력 2년 이상 [ 우대사항 ] 해당직무 유경험자 R, Python, C++ 등의 툴을 이용한 데이터 분석 경험자 [ Contact ] • Name : Rita • Tel..."
dc821489255954fd,Developer Advocate,SendBird 서울,,"technologies: Objective-C, Java, Swift, JavaScript, and Python * Strong written and verbal English skills BONUS POINTS..."
88b7dece067cd1c6,AI Algorithm Developer,펄핏 서울 강남구,,"원합니다. - 자격요건, 어떤 조건이 필요한가요? 컴퓨터 공학 분야 MS 또는 PhD 학위 소지 C/C++/ python, software design, AI algorithms 에 대한 전문적인 지식 소지 원활한 의사소통..."
dcafe087f86aaa47,경력사원 수시,두산 디지털이노베이션 서울,,"5년 이상 3. 기업의 AI, Machine Learning 관련 프로젝트 수행경험 4. SAS, R, Python, SQL 등 하나 이상의 분석언어 숙련자 5. Tensorflow, Keras 등 ML 툴 사용 가능자..."
952e0a8d9bac4aea,고성능 게임 피드백 서버 개발,Nexon 성남 분당구,,"및 ML 알고리즘을 실행 하는 서버 개발 지원자격 - (필수) 한 가지 이상의 개발 언어(C++, C#, Python 등)에 숙련된 프로그래밍 능력 - RESTful API 및 TCP/UDP 서버 개발 경험 및 네트워크와..."
c499b3dde5c2e196,데이터인프라개발팀 - 데이터 엔지니어,Nexon 성남 분당구,,Python 등을 활용한 데이터 가공 및 라이브러리 개발 - 데이터 파이프라인 개발 지원자격 - 클라우드 환경에서 데이터 파이프라인을 만들고 활용해보신 분 - C++ / C# / JAVA / Scala / Python...
13296e3d9f8f28bf,`20년 1차 산업환경사업본부 경력채용 공고,삼성엔지니어링 4.1 서울 서초동,,정규직) - AI 기반 환경 시스템 개발 ㆍBig Data 활용 및 Smart Plant 구축 ㆍR 및 Python 기반 프로그램 개발 ㆍMachine Learning 및 Deep Learning 대기오염방지 R&D (정규직...
e4a8d8095243c5bb,웹개발자 모집,원오토메이션 창원 의창구,,"내용 [직무내용] MES, 솔루션 개발 및 분석 설계 (프론트엔드, 백엔드, 풀스택) [직무요구능력] 1. Python 2. HTML / CSS / javascript 퍼블리싱 3. Javascript (예. D3, 차트..."
77d8e0149dad533b,블록체인인터넷경제 연구센터 위촉연구원,광주과학기술원 광주 북구,,구직 명 블록체인 개발 블록체인 경제 블록체인 하드포크 1) SW프로그래밍 제작 경험자 2) Python/C/Java/Go 프로그래밍 가능자 우대사항 ① 국가보훈대상자(취업보호대상자) 및 장애인은 관련 법령...
e514745768281aba,블록체인인터넷경제연구센터 위촉연구원,광주과학기술원 광주 북구,,분야(담당업무) 지원자격 연구직 O명 블록체인 연구 및 개발 1) SW프로그래밍 제작 경험자 2) Python/C/Java/Go 프로그래밍 가능자 3) 컴퓨터공학 및 컴퓨터사이언스 전공인 학사 이상의 학위소지자...
ffd9cedb23e97344,파이썬SW 금융분야 특화 챗봇 개발 함께 할 엔지니어,파운트 서울 충정로역,,"처리 과정을 Python language로 구현 - Big data 처리를 위한 SW 개발 - Backend SW 구현, Messenger interface, DBMS I/F 구현 Requirement - Python..."
6f88041c28b6c1ae,한글 Q&A 시스템 연구 개발 신입/경력사원,포티투마루 서울 봉천동,,"중(9월예정) [지원자격] - 4년제 대학교 졸업 (전산관련학과 이수 또는 그에 상응하는 교육이수자) - Python, Java, C/C++ 등으로 개발 가능하신 분 - Unix/Linux 시스템에 대한 이해가 있으신 분..."
5c6723a17ad467f6,Solutions Architect - Amazon Connect,Amazon Web Services Korea LLC 서울,,"passion for getting hands dirty with code/scripting (e.g, python, java, c#, .NET, Node.js) Amazon Web Services is looking..."
a6d0f0030a9ad230,링크샵스 플랫폼 개발 및 유지보수 담당,링크샵스 서울 중구,,"알고리즘 모델링 및 적용 경험 [우대사항] • 인공지능, 머신러닝(기계학습), 빅데이터 관련 석사 우대 • Python, Tensorflow, Keras 경험자 우대 • 대용량 서비스 및 데이터 처리 경험자 우대 • 이미치..."
9dec880f4c255658,(주)앱도 2020년도 상반기 프로그래머 신규 신입/경력 정규직,앱도 부산 동구,"연봉 30,000,000원 - 35,000,000원",JAVA|인터넷·IT·통신·모바일·게임>웹프로그래머>AJAX|인터넷·IT·통신·모바일·게임>웹프로그래머> Python|인터넷·IT·통신·모바일·게임>응용프로그래머>C#|인터넷·IT·통신·모바일·게임>응용프로그래머>C·C++...
44faac3fcbb911db,웹개발자 등,웹플래너 서울 용산구,"연봉 30,000,000원 - 60,000,000원","기업을 대상으로 하는 프로그램을 개발을 하며, 자체 소프트웨어를 개발하는 업무입니다. 필요기술 : php, python, html, jsp, mariaSQL, mySQL, c++, C#, TensorFlow 등 [근무시간..."
dabb4ac4a8883dd3,머신러닝 데이터분석가(글로벌 금융사),디에스파트너즈그룹 서울,,"고리즘을 활용한 Data Modeling 프로젝트 수행 경험자 -R, Python, SAS, Matlab, SAS 등 데이터 분석 소프트웨어의 활용경... R|인터넷·IT·통신·모바일·게임>빅데이터·AI(인공지능)> Python"
5ff17b27cd83a1c0,네트워크 자동화 개발자,Nexon 성남 분당구,,"찾고 있습니다. 지원자격 - python 2년이상 개발 경력 - WEB... 발경험 - 자동화를 위한 스크립트(powershell, bash, python 등) 경험 - Windows, Linux 등 서버 OS에 대한 기본..."
4869ca56d1b577b9,교보악사자산운용 INDEX팀 사원,교보악사자산운용 대한민국,,명 2. 지원자격 1) 2020년 2월 졸업 예정자 또는 졸업자 2) 통계패키지(R) 또는 프로그래밍 툴( Python) 사용 가능자 우대 3) 투자자산운용사 우대 4) 국가유공자 우대 3. 담당업무 1) 인덱스 펀드 운용...
d0ae3cf7638734ac,데이터 사이언티스트 / Data Scientist,Bagelcode 서울,,규모 데이터 처리 및 분석 [자격 요건] - 직무 관련 경력 2년 이상 (게임 업계 우대) - SQL / Python / R 등 데이터 분석 업무를 수행할 수 있는 하나 이상의 개발 언어 유경험자 - 통계 지식에 대한 이해...
e11bc11a4d72cc54,MPK / MPI-SD Joint Postdoctoral Position for Ultrafast Nonli...,POSTECH / Max Planck POSTECH/KOREA Res. Init. 대한민국,,"Experience in computer programming using C/C++, FORTRAN, Python, Mathematica or Matlab is highly desirable. The candidate may..."
604de7caa5f65310,"Specialist Solutions Architect III, Anal...",Amazon Web Services Korea LLC 서울,,"Knowledge... least one or more programing languages... Python, Java and Scala. · Hands on experience leading large..."
61f77867c101a6fe,교보악사자산운용 해외투자 사원,교보악사자산운용 대한민국,,"국어 우대) 3) 투자자산운용사, CFA, FRM 자격증 보유자 우대, 통계패키지(R) 또는 프로그래밍 툴( Python) 사용 능력 우대 (전공 불문) 4) 국가유공자 우대 3. 담당업무 해외투자펀드 운용 업무 보조 해외투..."
9f7d7cbe5e172a01,Front-end Developer,"Miso, inc 서울",,"HTML에 대한 이해가 깊은 분 * Golang, Node.js, Python, or Ruby 중 프로그래밍 언어 사용 가능하신 분 * 새로운 기술에... Data Science: Go, Python * Collaboration..."
0aa5f158999a8f91,데이터 엔지니어,myrealtrip 서울,,"파이프라인 처리 경험이 있으신 분 ELK 스택을 이용한 데이터 수집 및 Visualize 경험이 있으신 분 Python, Java, Scala 이용한 개발 경험이 있으신 분 * 채용공통사항 [채용절차] 서류전형 1차..."
27352452ed0a0ea9,Senior Back-end Developer,Asiance 서울,,"deployment. • 배포는 주로 Docker 사용. • PHP, Python for backend development. • PHP, Python 등을 사용하여 백엔드 . • MySQL for structured..."
485b1cd148dc524a,Data Scientist,해외송금 전문업체 서울 강남구,,"유지보수 - 데이터 시각화 [ 자격요건 ] - 경력 2~4년차 - SQL 사용이 능숙하신 분(필수) - R, Python 등을 이용한 분석 경험 [ 우대사항 ] - 빅데이터 및 금융데이터 분석 및 예측 - 통계학 전공자..."
ff2f8c996186ab4d,Cloud Application Architect - Profession...,Amazon Web Services Korea LLC 서울,,"any... following: Python, Java, Node... 테크니컬 어플리케이션 아키텍처로 대규모 어플리케이션 구축 현장경험 · Python, Java, Node.js, Ruby, .NET, Go, Scala..."
8af16ddc1e1a33b3,DevOps 엔지니어(과장~차장급),TV홈쇼핑 성남 판교역,,"AWS 경험 2년 이상) - 퍼블릭 클라우드 구축 경험 - 다음 중 하나의 언어를 이용한 업무 자동화 기능 : Python, Node.js, Go - 클라우드 기반 시스템 구축 & 운영 자동화 경험 (Ansible, Chef..."
f77d3487d877324a,저축은행 소비자금융 Data Science 팀,국내자본 저축은행 서울 구로구,,"4년제 정규 대졸 이상 - 통계, 수학, 산업공학 전공자 (석사 이상 우대) - 통계프로그램(SAS, R, Python 등) 활용가능자 - 소비자금융 관련 업무 경력 2년 이상 [전형절차] 서류, 면접 2회 [제출서류] 이력..."
8b29e16a2f9665f2,"Principal, Strategic Planning",Coupang 3.0 서울,,"commerce and other internet-based industries; retail * SQL, Python experience is a plus * Experience with Tableau also a plus..."
315c65b8337d3e7a,React Native Developer,"Miso, inc 서울",,"Golang, Node.js, Python, or Ruby 중 프로그래밍... Adobe, Zeplin * Data Science: Go, Python * Collaboration tools: Gitlab, Slack..."
f5db97b4d95cbc04,VP of Engineering,"Miso, inc 서울",,"Golang, Node.js, Python, or Ruby 프로그래밍 언어... Adobe, Zeplin * Data Science: Go, Python * Collaboration tools: Gitlab, Slack..."
074bbbc1b7c4d596,저축은행 디지털마케팅본부 데이터분석 경력자,국내자본 저축은행 서울 구로구,,"고객 분석, 마케팅 분석 - 마케팅 기획 및 실행조직과 협업 경험, 마케팅 데이터 모델링 개발능력 - R, Python, Tableau, SAS, Orange, SQL 등 데이터 분석의 업무를 수행 할 수 있는 개발 언어에..."
33fbfcd01ae23602,시스템 프로그래머,에너지 거래소 및 에너지데이터 중개 서울,,"웹서비스 구현 [자격요건] -네트워크 개발 경험 -웹 백앤드 서비스 개발 경험 - Python, Node.js 숙련 [우대사항] - Python 웹 플랫폼(asyncio 이용) 개발 경험 -Modbus, CAN, Socket..."
4a51996b0442a445,Sales Manager (Born in the Cloud),Hewlett Packard Enterprise 3.8 서울,,"경력자 스타트업 기업의 운영 및 비즈니스에 대한 이해 프로그래밍에 대한 지식 및 이해 ( python, jupiter, github 등) University or Bachelor's degreeDirectly related..."
7a08f5e589b10a00,"Senior, Software Engineer (Search Qualit...",Coupang 3.0 서울,,"설계, 분산환경에서 3년 이상의 실무 경험 * Java, Scala, Python 등의 객체 지향 언어에서 3년 이상의 실무 경험 * Hadoop... Java, Scala, Python * Data processing..."
0df2999925f12355,Sr. Back-end Engineer (Query Understandi...,Coupang 3.0 서울,,"범용 프로그래밍 언어 (Java, Python and C/C++)를 사용한... purpose programming languages (Java, Python and C/C++) * Experience in building..."
f79f6cd3e91fcc1a,"Principal, Data Engineer (EDW Data Proce...",Coupang 3.0 서울,,"능한 최적화된 솔루션 제공 자격 요건: * 학사 이상 학위 소지자 * Python, Java 혹은 Scala를 이용한 개발 경험 5년 이상, 또는... development using Python, Java or Scala..."
79da9b878d3d8709,저축은행 다이랙트마케팅팀 데이터분석,국내자본 저축은행 서울 구로구,,"Insight 도출 업무 ex) R, Python 등 고급 분석 Tool을... 이상 우대) - 데이터사이언스, 컴퓨터공학, 수학/통계학 전공 - R/ Python 활용 중급 이상 *우대사항 : 데이터분석 관련 자격증(ADSP) 등..."
35cefd4d91c7b366,저축은행 앱마케팅팀,국내자본 저축은행 서울 구로구,,Adbrix 등) - SQL 사용 가능 - 경력 3년~7년 - 개발자와의 원활한 커뮤니케이션 <우대사항> - Python or R 사용 우대 - 태블로 사용 우대 - Solution 도입 경험 우대 - 금융권 데이터 분석자...
c16d65e660e7e744,"Principal, Data Engineer (Pricing Compet...",Coupang 3.0 서울,,"가이드 라인의 제공 자격 요건: * 컴퓨터 공학 혹은 관련 전공 학위를 소지하신 분 * Java, Python 프로그래밍이 가능하신 분 * 7년 이상 데이터 엔지니어링을 경험하신 분 우대 사항: * Back-end..."
29667656675b70f2,RPA 및 DevOps ALM 엔지니어,시와소프트 서울 금천구,"연봉 30,000,000원 - 35,000,000원",취소될 수 있습니다. 인터넷·IT·통신·모바일·게임>응용프로그래머> Python|인터넷·IT·통신·모바일·게임>응용프로그래머>인공지능(AI)|인터넷... AI)|인터넷·IT·통신·모바일·게임>빅데이터·AI(인공지능)> Python
4a94f2401f999ab6,Data Analyst,"Miso, inc 서울",,"services written in Python, Ruby, Node... Adobe, Zeplin * Data Science: Go, Python * Collaboration tools: Gitlab, Slack..."
509e7ab10e54f962,디지털마케팅본부 수신상품 기획 및 전략수립 경력자,국내자본 저축은행 서울,,"수립(채널별 고객맞춤별 상품개발) [자격요건] - 4년제 정규 대졸 이상 - 통계 프로그램(SAS, R, Python) 활용 가능자 - 상품기획 및 전략수립 경력 2년 이상 - 금융권 업무 경험자 [전형절차] 서류, 면접 2..."
5a0b53c0cc23d9a7,"Senior, Database Engineer (Storage Platf...",Coupang 3.0 서울,,"스크립트 스킬 (bash, Python, Java, Go 선호) * 다양한... Programming and scripting skills (bash, Python, Java, Go preferred) * Experience..."
dcbce45dbe2d3679,Senior Full-Stack Developer,Asiance 서울,,"React 혹은 WordPress 등의 CMS도 사용. • Python, Node.js, Java, PHP for backend development. • Python, Node.js, Java, PHP 등을 사용하여 백엔드..."
99d1b2e25887707d,기술 지원 및 개발 가능한 Technical Su...,이포넷 서울 삼성동,,웹기반 관리 시스템 개발 및 유지 보수 - 업무 자동화 프로그램 ( Python) - 번역 부서 관련 인트라넷(Java) 및 Oracle DB 유지... Spring 기반 개발 경험 - Python 프로그래밍 가능 - 엑셀 매크...
037a5d6896bd0a39,[지니너스]연구개발 및 운영 정규직,지니너스 (GENINUS Inc.) 서울 문정동,"연봉 30,000,000원","무내용 [모집직종] BI [자격요건] : 생물정보학 또는 생물학 관련 전공자 : 학사 이상 [우대조건] : Python, R, Java 가능자 : NGS 관련 경력 (경험) 자 우대 : 석사학위 이상 소지자 우대 [담당업무..."
51dcabafcf7a0bb0,저축은행 디지털뱅킹팀 데이터분석,국내자본 저축은행 서울 구로구,,"정규 대졸 이상 - 데이터분석 경력 3년 이상 - 실제 서비스 데이터를 이용한 분석모델 개발 경험 - R, Python, SQL 등 데이터 분석의 업무를 수행할 수 있는 하나 이상의 개발 언어에 숙달 <우대사항> - 해당..."
f8ee4cfdf4dd6934,성장하는 핀테크 스타트업 BackEnd Developer 경력직,웨이브릿지 서울 강남구,,"적인 사고 및 알고리즘을 좋아하시는 분 Java, Spring 및 Design Pattern 에 대한 이해 Python 데이터 분석 및 웹개발 경험 RESTful API 서버에 대한 이해 및 구현 능력 기본적인 SQL문 작성..."
194a28e271f583b3,[정규직/본사근무] PHP 웹 개발자 (경력),이랜서 서울 강남구,,"PhpStorm, Codeigniter, Mobile Web, Bootstrap, REST API, Python, goLang, CentOS, SVN - Java기반 웹 기술 보유 (Spring, JSP 등) - 웹..."
2cca42ee0951d4be,"Principal, Business Analysis (Coupang Ea...",Coupang 3.0 서울,,"SQL, Excel, Python, and R/SAS or any... 학사 혹은 해당 분야에서 그에 준하는 경험 * SQL, Excel, Python, R/SAS 등 통계 분석용 소프트웨어 활용 경험 * Hadoop..."
20b8fe916f48dc9e,데이터 분석을 통한 마케팅 전략 담당자(대리과장급),국내 대기업 계열사 서울,,"자격요건 - 관련경력 5년~12년 - 데이터 분석 경력자 - 데이터 분석 툴 활용 가능자(SQL,SAS,R, Python 등) - 마케팅 전략 수립 가능자 - 통계지식 및 데이터 추출 가능자 - 법인 결산 경험자 - 대졸이상..."
d24428ed26f0b058,디지털LAB 신기술파트,국내자본 저축은행 서울 구로구,,"[담당업무] 쳇봇, STT/TA/TTS, AI 일반 [자격요건] 4년제 정규 대졸 이상 Java, Python 프로그램 사용 가능 머신러닝(Tensorflow, DL4, Caffe,Theano) 프레임워크 기반 개발 능력 보유..."
2b8a63d6cc91a04c,Principal Business Analysis (Growth Mark...,Coupang 3.0 서울,,"related field * Business-level experience with R, Python, or Scala * Experience owning the analytics and performance..."
4504dad34421e282,서버 개발자,유명메신저회사 서울 강남구,,"서비스를 만들기 위해 노력하시는 분 [ 우대사항 ] - 확장성 있는 서버 아키텍처에 대한 이해 - Java, Python, Scala 를 이용한 개발 경험 - 오픈소스 활동 경험 - 채팅, RPC, WebRTC에 대한 경험..."
7a837beac7ac8bcd,"Partner Solutions Architect III, Analyti...",Amazon Web Services Korea LLC 서울,,"Knowledge... least one or more programing languages... Python, Java and Scala. · Hands on experience leading large..."
615168b399422305,Software Engineer - Back-end Web,SendBird 서울,,maintaining back-end web applications * Proficient in Python and Django or equivalents * Expert level knowledge of running...
8becbf73bbda7c96,2019 Military Service Exemption Position...,울산과학기술원 울산 언양읍,,"least one programming language... Fortran, C/C++, Python, …; Experience... managing high performance computational..."
56fce3a492ad940b,서버개발(응용프로그램개발) 정직원,인포카 서울 성북구,"연봉 30,000,000원",팀원급 우대사항 - 해당직무 근무경험 - Java / Spring framework 개발 경험 및 Python 개발 경험 - Database 관련 된 깊은 이해 (Mysql 및 RDBMS ) - 테스트와 지속적인...
f10477b81840d778,데이터 분석가 / Business Analyst,Bagelcode 서울,,중독자 [우대 사항] - Tableau 등 시각화 툴을 활용한 대시보드 설계 및 운영 경험 - SQL / Python / R 등 데이터 분석 업무를 수행할 수 있는 하나 이상의 개발 언어 유경험자 - 비즈니스 레벨 이상의...
81848f01b547f90b,주니어 데이터 사이언티스트 / Junior Data Scientist,Bagelcode 서울,,"CS, 통계, 수학 및 그에 준하는 학위를 가지고 있거나 해당 분야에서 학업을 수행하시는 분 - SQL / Python / R 등 데이터 분석 업무를 수행할 수 있는 하나 이상의 개발 언어 유경험자 - 통계 지식에 대한..."
ed3686b9c2eea9ad,"Principal, Data Engineer (Pricing Tech)",Coupang 3.0 서울,,"하고 알림을 주는 시스템을 구축한다. 자격 요건: * 컴퓨터 공학 혹은 관련 전공 수료자 * Java, Python, Unix shell, html 프로그래밍 가능자 * 10년 이상 웹서비스 및 백엔드 개발을 하신 분..."
5d6f265e064496e0,ICT 서비스본부 디지털LAB,국내자본 저축은행 서울 구로구,,"패키지 구사 능력 - R, SAS, SPSS, S-PLUS 등 통계분석 솔루션 경험(필수) - R, Python, 시각화 툴(Sporfire, Tableau 등) 능숙자 우대 (2) 지식 및 경험 - 통계분석/Maching..."
80d3108dade97b0f,Back-end Developer,"Miso, inc 서울",,"함께하고 싶습니다] * 백엔드 개발 경력 3년 이상 * Ruby, Python, Go, Node.js 중 하나 이상의 언어에 능숙하신 분 * 새로운... Data Science: Go, Python * Collaboration..."
ce78c705d4b6bced,[경력] 회계 감사 디지털 전문가 - DPP,삼정 KPMG 3.3 서울 강남구,,"대한 높은 관심 및 fast-learner - 회계감사/컨설팅 경력 3년이상 또는 - SQL, R/ Python 활용 경력 2년이상 또는 - Visualization 경력 2년이상(PowerBI, Tableau) - RPA..."
1124955926b2559b,"Technical Design Architect, South Korea",Pure Storage 서울,,"languages... Perl, Shell, Powershell, Visual Basic, Python. * Networking infrastructure (Nexus / ACI / Broadcom..."
9cd311595b3e4bea,저축은행 소비자금융 Data Science,국내자본 저축은행 서울 구로구,,"분석 [자격요건] - 4년제 정규 대졸 이상 - 통계, 수학, 산업공학 전공자 - 통계프로그램(SAS, R, Python) 활용가능자 및 석사 이상 - 소비자금융 관련업 경력자 우대 [전형절차] 서류, 면접 2회 [제출서류..."
6863b8ecbee9cb28,Big Data Engineer,휴먼디지털 서울,,"DB, Network, Computer - Architect 관련 지식 보유자 - Shell script/ python/Java/MySQL - 활용 가능자 - 개발을 좋아하고 새로운 기술을 - 배움이 즐거운 자 - Front..."
40e953af1c1f2e31,기술 지원 및 개발 가능한 Technical Support,이포넷 서울 강남구,"월급 1,400,000원 - 1,600,000원",웹기반 관리 시스템 개발 및 유지 보수 - 업무 자동화 프로그램 ( Python) - 번역 부서 관련 인트라넷(Java) 및 Oracle DB 유지... Spring 기반 개발 경험 - Python 프로그래밍 가능 - 엑셀 매크...
6c6ccc05ec15dc41,Design for Test (DFT) Engineer,SiFive 대한민국,,"power intent (UPF/CPF). Good scripting skills using Tcl, Perl, Python, Makefile and Shell scripts Preferred qualifications..."
9b3b43bfe4f351ce,개발직군 연계형 인턴십,인포섹 성남 분당구,,"대한 이해 - 알고리즘 검증을 위한 Prototyping 수준의 Python 사용 능력 - 자료구조, 알고리즘, 확률/통계, 인공지능 등에... 게임>빅데이터·AI(인공지능)> Python|인터넷·IT·통신·모바일·게임..."
b35da47f5e84c9b4,콘텐츠서비스개발팀 - 데이터분석가,Nexon 성남 분당구,,"적인 문제 해결 및 커뮤니케이션 능력 - 새로운 기술 습득에 능동적이고 거부감이 없는 분 우대사항 - Python , Scala 을 이용한 데이터분석 능력 - SQL 기본 활용 능력 - 통계 및 분석에 대한 이론 지식..."
e11bc11a4d72cc54,MPK / MPI-SD Joint Postdoctoral Position for Ultrafast Nonli...,POSTECH / Max Planck POSTECH/KOREA Res. Init. 대한민국,,"Experience in computer programming using C/C++, FORTRAN, Python, Mathematica or Matlab is highly desirable. The candidate may..."
d0650e2aa74d1287,"응용프로그램개발, 인공지능 신입/경력 정규직",퓨처메인 수원 영통구,,통신·모바일·게임>빅데이터·AI(인공지능)>빅데이터|인터넷·IT·통신·모바일·게임>빅데이터·AI(인공지능)> Python|인터넷·IT·통신·모바일·게임>빅데이터·AI(인공지능)>딥러닝|인터넷·IT·통신·모바일·게임>빅데이터...
649ccf047c868778,"금융 데이터 분석 엔진, 로보어드바이저 개발자",에스비씨엔 서울 영등포구,,"시스템, 머신러닝, 자연어처리. 패턴분석 - 다음 언어에서 최소 한 가지 이상 능숙자: Java, C++, Python, JavaScript 우대사항 - 석사이상 컴퓨터공학 (Computer Science) 분야 또는..."
917cc06120add6e1,Data Scientist,Soomgo 서울 강남구,,이상 경력자 • Stakeholder와의 원활한 커뮤니케이션 능력 • SQL 능숙하게 활용 가능한 분 • Python을 활용한 수학적 통계 분석 및 모델링 가능한 분 • Tensorflow/Pytorch/Keras 등 하나...
0ce604f78d27b2f2,[NHN Service] [판교]기술지원 경력,엔에이치엔서비스 성남 분당구,,"Linux, Windows Server 트러블 슈팅 숙련자 - 2년 이상의 개발 경험자(PHP, Python 등) 0 명 근무조건 고용형태: 정규직(수습기간3개월) 근무지역 : 경기 성남시 분당구 판교 급여..."
6ed2963730d3c340,Systems Engineer,Hewlett Packard Enterprise 3.8 대전,,"Programming and scripting knowledge and experience (e.g. Perl, Python, C++, etc.) Ability to gather data, perform analysis..."
860a3733156e6821,Data Analytics Analyst - SOCKOR,Barbaricum 서울,,"manipulation capabilities using R, Python, C++, JavaScript, Go, and other known... experience in Python, C++, JavaScript, GO..."
a771637c0eeffc26,[Search & Clova] NAVER Search 이미지 검색서버개발...,네이버 대한민국,,"필요역량] 이미지 검색서버 구축 , 운영 이미지 검색로직 개발 [자격요건 및 우대사항 ] C/C++/JAVA/ python/ 개발 가능 수십대 이상으로 구축된 시스템 개발 , 운영 경험 Linux 환경에서의 개발 경험 IR..."
eec4b684cdb38ebd,Pre Sales Engineer,Arm 서울,,"node.js and html.Good knowledge... working experience in Python.Engagement with developers, business analysts..."
212ca67d161b7162,2020 Market Data Analyst - Seoul (Korean...,Bloomberg 서울,,"languages (e.g. Python, R, JavaScript... programming/scripting languages (e.g. Python, R, JavaScript, Java) as well as SQL..."
2615f45e6f912c05,"Customer Solutions Engineer, Global Clie...",Google 4.3 서울,,"general purpose programming language (e.g., Java, C/C++, Python). Preferred qualifications: Experience... online..."
ad3c7c22cfc0bc67,각 부문 수시,KIS채권평가 대한민국,,금융공학/수학 전공자 우대 - 관련업무 경력자 우대 - 프로그램밍 가능자(MSOffice/Matlab/ Python 등) 우대 - 영어 가능자 우대 (3) 모집부서: <컨설팅> *포지션: 신입/경력 *담당업무: - 금융컨설팅...
4206cd042c6633c1,Software Engineer - Seoul,"Moloco, Inc. 서울",,techniques and tools. Current stack uses Google Tensorflow and Python scikit-learn framework. Qualifications · Excellent...
6218cd959f0f6bd4,Financial Controller with Data Science,Continental 4.0 대한민국,,"P&L) - Experienced data analyzing skill (e.g. Power BI, KNIME, R, Python) - Applicable of coding - Good command in English..."
518298c796a11371,2020 상반기 개발직군,딜리버리히어로코리아 서울 서초구,,백엔드|인터넷·IT·통신·모바일·게임>웹프로그래머>프론트엔드|인터넷·IT·통신·모바일·게임>웹프로그래머> Python|인터넷·IT·통신·모바일·게임>응용프로그래머>클라우드|인터넷·IT·통신·모바일·게임>응용프로그래머>API...
20cc0c0fda50493a,[KSTEC] RPA 시스템 개발 경력사원,지식시스템 성남 분당구,,통신·모바일·게임>웹프로그래머>JAVA|인터넷·IT·통신·모바일·게임>웹프로그래머>.NET|인터넷·IT·통신·모바일·게임>웹프로그래머> Python|인터넷·IT·통신·모바일·게임>웹프로그래머>HTML·DHTML·mHTML
afe049499a2a135a,[Robotics] Robot Software Engineer,네이버랩스 성남 분당구,,등 유사 분야 석사/박사 학위 혹은 5년 이상의 개발 경력 ㅇ Python / Lua 등 스크립트 언어를 C/C++와 연계 활용 능숙 ㅇ... 인터넷·IT·통신·모바일·게임>빅데이터·AI(인공지능)> Python
05ce3c7d5c6c368c,Research Engineer - Machine Learning,AITRICS 서울,,learning approaches One or more software engineering skills ( Python preferred) Experience in using deep learning frameworks...
f6fe4d192f210bc7,퀀트 개발자 (Quant Developer),ATZ Inc. 서울,"연봉 30,000,000원 - 40,000,000원",any... following languages. (C/C++/C#/ Python/Java/Node.js)* Experience with R... languages) C/C++/C#/ Python/Java R/Excel...
9040dba1c8db2a5d,퀀트운용팀 (사원-대리급),신한비엔피파리바자산운용 대한민국,,지식 보유자 - 투자자산운용사 자격증 소지자 우대 - CFA/CAIA/CPA 자격증 소지자 우대 - VBA/ Python 활용한 업무 가능자 우대 - 관련 전공 및 석박사 학위/금융 관련 자격증 보유자 우대 3. 전형방법...
01bc879744c28f9c,Support Engineer _ Azure PaaS,Microsoft 4.2 서울,,"Java, Node, Python, PHP and Ruby, .NET... Linux, NGNIX, Apache, Java, Node, Python, PHP and Ruby • Experience with customer..."
a39853230d5ceca8,Healthcare Real World Data Analyst 담당자,IQVIA 서울,,"HEOR 전반적인 업무 수행 Qualifications Claims Data 관련 분석 경력자 SAS / Python / R 등 통계 프로그래밍 언어 사용 가능자 통계학 전공자, 통계 및 Epidemiology 관련 석사..."
fa920414fa55ce4b,웹프로그래머 (FrontEnd) 기업부설연구소 연구원 #python #j...,넥스텝코리아 서울 용산구,"연봉 30,000,000원 - 32,000,000원","데이터 수집, 분석 및 가공 에 관련된 프로그램 개발 ( Python) REST API개발( Python) # 우대사항 javascript 개발경험 필수 python 개발 유경험자 우대 Android, iOS 개발 유경험자 우대..."
e315dc2d6850be87,클라우드서비스 언더클라우드 서버 개발자 모집,카카오엔터프라이즈 성남 삼평동,,"하나 이상의 프로그래밍 언어에 능숙하신 분 - Linux에 대한 이해 (우대사항) - Golang, Python 중 한가지 언어에 능숙한 개발자 - Openstack 혹은 Kubernetes를 이용한 개발 및 운영..."
7f0f05a7cbb72be3,[에이치랩] 웹 개발자(Back-end),에이치랩 서울 마포구,"연봉 28,000,000원 - 36,000,000원",MyBatis 숙련자 - NoSql (MongoDB 등) 가능 - Python 개발 가능 - AWS 배포 경험 - 다양한 개발 환경 및 협업에 적극적... MongoDB 등) 가능 - Python 개발 가능 - AWS 배포 경험...
00d70b2fd76eb40f,"소프트웨어, 웹 개발자",글로컬드림아카데미 충청남도 아산,,"요건 담당업무 자격요건 인원 [담당업무] - 웹페이지 ,앱 관련 개발 - 개발,디자인,기획 관련 - Python,Django 사용가능자 우대 - 경력 단절 여성 우대 - 경력자 업무시간/날짜 조절 가능 - 교육..."
94242432ba095bac,기업부설연구소 경력직 연구원(정규직) 공개,케이포시큐리티 서울 구로구,"연봉 50,000,000원 - 60,000,000원","업무 자격요건 인원 [담당업무] - 프로그램 개발 (go /c++ / Python... 네트워크 프로그래밍 (P2P, C... NS-3... 그래머>C·C++|인터넷·IT·통신·모바일·게임>응용프로그래머> Python"
750977c97eeed4d5,랩오투원 신입/경력 개발자,유한책임회사랩오투원 부산,,"신입) - C#, JAVA, Python, node,js, Ruby 중 잘... 대한 3년 이상 경험이 있는 분 - 관련학과 석사 이상 - 머신러닝( python, scikit-learn, tensorflow, pytorch 등..."
490967877320ae75,"4차산업혁명 교육컨텐츠 개발 , 교육 기획 경력 정규직",이앤오즈 서울 금천구,,통신·모바일·게임>빅데이터·AI(인공지능)>빅데이터|인터넷·IT·통신·모바일·게임>빅데이터·AI(인공지능)> Python|교육·교사·강사·교직원>IT·문화·직업강사>인터넷·IT전문|교육·교사·강사·교직원>IT·문화·직업강사...
4d904be195e1682c,프로그램개발자(JAVA/HTML5/PowerBuilder/앱/.NET/P...,케이에스피소프트 서울 금천구,,그램개발자모집(JAVA/HTML5/PowerBuilder/앱/.NET/ Python) 모집부문 및 자격요건 모집부문 담당업무 자격요건 인원 프로그램... 프로그래머>.NET|인터넷·IT·통신·모바일·게임>웹프로그래머> Python
83ff9361159cd219,Software Engineer,ODK Media Inc 서울 강남구,,applications; ability to design and develop applications using Python and Django. Solid hands-on experience with AWS cloud...
3e617a8ed7934773,Quant 트레이딩 부문,벨에포크자산운용 대한민국,,"거시경제 데이터 관리 3. 지원자격 및 우대사항 (1)필수사항 -투자자산운용사 보유, Python, 엑셀 VBA 사용 능력자 ( Python 패키지 : Scikit-learn, Keras, Tensorflow 활용가능) (엑셀..."
528aa6d0cf38da2b,JR0129130 Platform Application Engineer,인텔코리아 서울,,assembly language programming and Python scripts may be required Qualifications... programming and Python scripts may...
9f7af88b0ef15493,Deep Learning Architect,Amazon Web Services Korea LLC 서울,,"deep learning (e.g., CNN, RNN, LSTM) · Experience in using Python, R or Matlab or other statistical/machine learning software..."
1ea7188c1b87f679,Principle Business Analysis (eCommerce F...,Coupang 3.0 서울,,"FP&A, Strategy, Consulting role * Proficient in SQL and Python * Experience creating workflows and using automation tools..."
90104004fabe2502,[Search & Clova] 글로벌 콘텐츠 검색/ AI 기술 개발 신입...,네이버 대한민국,,"대규모 로그 분석 및 관련 시스템 운영 · 콘텐츠 검색 서비스 개발 및 운영 필요역량 · C, Java, Python 등의 프로그래밍 언어 중 1 개 이상 자유자재로 다루시는 분 · Linux/Shell 및 Git 환경에..."
19b44e0d17d112e2,분석실 - 베이지안 분석 전문가,Nexon 성남 분당구,,"동으로부터 피드백을 받아 최적화 모델을 개선합니다. - 주요 활용 tool : SQL, zeppelin, python, tableau 지원자격 - (필수) 논리적이고 체계적인 문제 해결 및 커뮤니케이션 능력을 소유하신 분..."
d9086035792f01d0,AI 기반 로봇 서비스 개발 그룹 IT 인프라 구축,그룹 IT 인프라 구축 서울특별시,,"주요 언어 및 프레임워크 : C, Python, Tensorflow... 리즘 구현 및 적용 - Deep Learning 프로젝트 수행 경험 - Python 중급 이상 기타 - Robot 제어 관련 지식 및 프로젝트 경험자 우대"
4c024d266efd71a5,2020년 부문별 경력직 전문직원 채용(클라우드환경기반 AI(인공지능)...,KB국민카드 서울 내수동,,"대용량/실시간 데이터 처리를 위한 분산/병렬처리 환경 경험 - 최신 분석 프로그래밍 언어(R, Python 등) 역량 보유자 - 머신러닝 관련 도구 활용 역량 보유자(Tensorflow, Pytorch, Scikit..."
8624753c574a9d25,Lead Application Backend Developer – Mob...,BOEING 서울,,"object oriented programming languages Expertise in Perl, Python, Java, Javascript, C/C++, C#, .Net, REST) Expertise in Oracle..."
a8ed60198075d112,Application Backend Developer,BOEING 서울,,"experience is required. Proficiency in Java, JavaScript, Python, C#, C++ or comparable Object Oriented Language Knowledge..."
f13d84719e788dbb,[Autonomous Driving] Software Tool Engin...,네이버랩스 성남 분당구,,"원들과 협업 필요역량 ㅇ Python/C/C++ 언어 개발 용이 ㅇ... 양한 전문 지식을 가진 팀원들과 협업 필요역량 ㅇ C/C++, Python 언어 개발 용이 ㅇ Annotation Drawing Tool 또는..."
2531a0c578f5ca30,[Robotics] Robot Software Engineer,네이버 대한민국,,Robotics 혹은 Computer vision 등 유사 분야 석사/박사 학위 혹은 5년 이상의 개발 경력 ㅇ Python / Lua 등 스크립트 언어를 C/C++와 연계 활용 능숙 ㅇ Docker / Kubernetes...
01cdfff2d55c2fa5,PMIC S/W APPS Engineering – Senior to St...,Qualcomm 4.1 서울,,"experience with Programming Language... C, C++, Java, Python , etc Preferred Qualifications 6 to 12 years of academic..."
9136552822e7c54f,[Search & Clova] AI 시스템 (성능) 개발자 신입/경력사원,네이버 대한민국,,"분석 및 해결 능력이 뛰어나신 분 · 기술 습득이 빠르고, 새로운 분야에 적응할 수 있는 분 · C++, Python, Go 등 하나 이상의 언어에 능숙하신 분 [채용하고 싶은 사람] · 글로벌 시장에 대한 도전 의식을 가지..."
b0e9252f0c2cf6ec,[개발]위메프패션 백엔드 개발자(정규직),위메프 2.3 대한민국,,"위메프패션 서비스 백엔드 개발 [자격사항] - 백엔드개발 경력 3년 이상 - Java, Node.js, Python, Php, Ruby 중 하나 이상 백엔드 개발 경험이 있으신 분 - NoSql 사용 경험이 있으신 분..."
22a5590c81649937,Senior Technical Consultant,MathWorks 서울,,"scientific applications Other programming languages, e.g. Python, R, Java, C/C++ or C# Strong knowledge of computational..."
c7c315d68ab45e13,TOIION 토이온 전산 인프라 운영 스탭,토이온 성남 수정구,,"MySql, MongoDB, MariaDB 등 ) 설치 경험 - 프로그래밍 / 스크립팅 (Bash, Python 등 ) 능력 0명 서류전형 면접전형 최종심사 * 서류심사 합격자에 한해 개별 통보 제출서류 입사지원서 및..."
d7a5d7d67068b597,Django + Python 웹개발,(주)딕스코리아 서울 가산디지털단지역,"연봉 40,000,000원 - 45,000,000원",Django Framework 유경험자 우대 Python 경력자 우대 Django + Python 환경에서 웹개발 경력자를 모십니다. 프론트엔드... 년 (필수) * Django & Python: 2년 (선호) * 웹프론트개...
a030a599df3b6b76,Junior network admin,WangsuTech 서울,"연봉 35,000,000원 - 50,000,000원","Linux - Ability to program... write the scripts(Bash, Python) for automation - Certificates of Cisco/Juniper/Paloalto..."
20604c00a91032e4,[네이버파이낸셜] CSS 모델 개발 및 운영 담당자,네이버 대한민국,,"데이터 핸들링 및 분석에 능숙하신 분 [우대사항] - 비 금융 데이터 분석 경험이 있으신 분 - R, Python 등을 활용한 ML 개발 경험이 있으신 분 [채용조건] ﻿ - 정규직 전형절차 및 기타사항 1 전형절차..."
04d685fc70b67d4e,Linux/Python/PHP/MySQL/백엔드 정규직 경력,일루미나리안 용인 보정동,,"보유 - DBMS(MySQL or MariaDB), scripting Language: bash, python, OOP 언어 중 가능자 - Back-End 서버를 개발해 보신 분 [우대사항] - Go(aka GoLang..."
e11bc11a4d72cc54,MPK / MPI-SD Joint Postdoctoral Position for Ultrafast Nonli...,POSTECH / Max Planck POSTECH/KOREA Res. Init. 대한민국,,"Experience in computer programming using C/C++, FORTRAN, Python, Mathematica or Matlab is highly desirable. The candidate may..."
85dd040bbe01ea3d,IoT/빅데이터 관련 웹 솔루션 개발자(java/python),유비벨록스모바일 서울 구로구,,지원자격 경력 신입·경력 학력 학력무관 성별 무관 기타 담당업무 IoT/빅데이터 관련 웹 솔루션 개발자(java/ python) 모집 커리어 양식 지원 아직 커리어에 이력서를 등록하지 않으셨다면!!상세 이력서 등록하기 ㈜유비벨록...
b79c2ae536063b01,[전문연구요원] 상시,네이버 대한민국,,"Tool Engineer ㅇ Python/C/C++ 언어 개발 용이 ㅇ... Design, Debugging Skills ㅇ스크립트 언어 개발 경험 ( Python, Bash, etc.) ㅇ Embedded Platform과..."
b19575486d134ab7,BR&T Software Engineer Intern,BOEING 서울,,"Korean (Required) Strong software development skills using Python, C, C++, Java, and Javascript etc (Preferred) Knowledge..."
7af1798e214d4067,Support Engineer _ Devices & IoT,Microsoft 4.2 서울,,"problem-solving skills • Strong C/C++ coding skills, along with Python, C# and Java • Azure/AWS cloud development experience..."
07375dc4e800dfa9,추천 시스템 소프트웨어 엔지니어,카카오 4.2 성남 판교역,,"트워크, 컴파일러, 데이터베이스에 대한 이해가 깊으신 분 C/C++/ Python 프로그래밍 숙련자 GPU 프로그래밍 숙련자 대용량/실시간 서비스 개발... 키워드 프로그래밍 언어 Python, C/C++, Go, Java..."
f83c468b246ce9ef,Student Intern (South Korea),SAP 4.3 서울,,"Data Science Programming languages: Python Strong analytical and problem solving... JavaScript, CSS, HTML, Python, SQL Strong..."
d585814d097935eb,카카오톡 보이스톡/페이스톡/라이브톡 개발자,카카오 4.2 성남 판교역,,"워크 서버 개발 경력 VoIP 기술에 대한 이해 우대 사항 음성 합성 또는 영상 합성 경험 MySQL, Python, JavaScript, Node.js 경험 서비스 운영 경험 ※ 카카오 기술 직군의 경우, 개발 경력 2..."
273d830a0c62aedd,솔루션 프론트엔드 개발자,Nexon 성남 분당구,,"분석 솔루션 서비스들의 웹프론트 개발 및 운영 지원자격 - 경력제한 없음 - flask, django등 Python 기반 웹서비스 개발 기술 스택 사용 경험 - vue.js 등의 Framework 사용 경험과 이에 수반..."
eb45c08f4c4a43d8,Data Analyst,Axiologic Solutions 서울,,"algorithms and data manipulation capabilities using R, Python, C++, JavaScript, Go, and other known programming languages..."
eeb027369cdab361,분석 플랫폼 웹 프론트 엔지니어,Nexon 성남 분당구,,"CSS, Javascript 등 웹어플리케이션 개발을 위한 front-end 개발 가능 - Node, Python, C#, Java 중 최소 1개 언어에 대한 경험이 있는 분 - SQLServer, Mysql과 같은..."
b2cfcc7d4b79c216,[Search&Clova] Clova 챗봇 Platform 개발 신입/경...,네이버 대한민국,,"및 알고리즘에 대한 기본기 ) - Programming Skill · Java, Scala, Spark, Python 등 [우대사항 ] · Scala 경험자 또는 Scala 를 이용하여 웹 서버 백엔드 개발하고 싶은 분..."
be6c1f03fa566f8e,추천 시스템 연구/개발,카카오 4.2 성남 판교역,,"Content-based Filtering, Matrix Factorization 프로그래밍 언어 Python, C/C++, Go, Java, Scala, Matlab, R 관련 서비스 미디어다음, 브런치, 카카오TV..."
b4b6ee0fd83b8ce1,[Search & Clova] Clova 체험형 인턴,네이버 대한민국,,"관리 - 코드 최적화 및 리뷰 자격 요건 - 다음과 같은 프로그래밍 언어 사용자 : C/C++, Python, Go, shell scripting - Unix/Linux 시스템 사용 경험 우대 요건 - DevOps..."
ce6747e77c861c46,Data Scientist,Boston Consulting Group 4.2 서울,,"analysis a plus, Programming... scripting exp.: eg. Python, C#, VBA, Java, Perl, etc. Experience in applied analytics..."
f3a14b3f8d9e3e12,네이버 쇼핑검색플랫폼 개발자,네이버 대한민국,,"info extraction [필요역량] - 아래 기술 중 어느 한가지를 능숙하게 다룰 수 있는 분 [ Java, Python, Spring boot/batch/cloud, Kotlin, React, Vue, Node.JS..."
77c8700bdba0ea81,웹/앱 개발자 (경력),빌리콘 수원 장안구,,통신·모바일·게임>웹프로그래머> Python|인터넷·IT·통신·모바일·게임... 응용프로그래머>iOS|인터넷·IT·통신·모바일·게임>응용프로그래머> Python|인터넷·IT·통신·모바일·게임>데이터베이스·DBA>데이터아키텍처|인터넷...
8405cf7fad057a1a,글로벌 소비재기업 APAC담당 Sr. Enterprise Architec...,글로벌 소비재기업 서울,"연봉 80,000,000원 - 150,000,000원","technology (AWS, Azure etc... any programming language (Java, Python etc.) • Good understanding and functional knowledge..."
470bf09f03aa8f29,[해외취업] WDB공학 주식회사 IT 개발자-C/임베디드/어셈블러/Pyt...,WDB공학 대한민국,"연봉 33,000,000원 - 35,000,000원","정보처리산업기사 보유자만 지원가능 - 보유 스킬 : 임베디드 개발 경험, C, C++, C#, 어셈블러 언어, Python 등 필수사항 - 공학계열 - 일본 근무 가능자 우대사항 - C 언어 가능자, 임베디드 경험 보유자..."
82f5d2aebb1bbf3a,AI/IoT 연구 개발자 채용,(주)트리플렛 서울 마포구,"연봉 25,000,000원 - 50,000,000원","7년, 박사 3년 이상인 자 [관련기술] - C/C++ - Java/JSP and javascript - Python - MySQL or MariaDB - Maven or Gradle - Git *[우대사항..."
92bd400e3b5306ba,[Search & Clova] Clova AI 인재,네이버 대한민국,,"산시스템 등 CS 핵심 전공 지식 관련한 수준 높은 이해 Git을 능숙하게 사용 백엔드 서버 구현 역량 ( Python, Golang, Java Spring, node.js 등) Mobile App 개발 Objective..."
2695294aea6dc3b6,MongoDB Engineer,카카오 4.2 성남 판교역,,수 있는 분 Linux/Network에 대한 기초 지식이 있는 분 우대 사항 C/C++ 또는 Python 언어를 이용한 프로그램 개발(프로젝트) 경험이 있는 분 MongoDB 트러블 슈팅 경험이 있는 분 MongoDB...
5ed0334bca0963cb,[Autonomous Driving] Virtual Environment...,네이버 대한민국,,"C/C++, Software Design, Debugging Skills ㅇ 스크립트 언어 개발 경험 ( Python, Bash, etc) ㅇ Embedded Platform과 System Software 개발 경험 및 이해..."
dd06066d79860614,MySQL Engineer,카카오 4.2 성남 판교역,,"지원자격 대용량 DBMS 운영 경험이 있는 분 (실력, 의지는 중요하나 경력'기간'은 중요하지 않음) python, go, bash 등 스크립팅 언어를 하나 이상 사용하실 수 있는 분 MySQL 에 대해 전반적으로 이해하고..."
22e47a04b651ae84,직원,KIS채권평가 대한민국,,"CRS 평가 - 헤지 유효성 테스트 *자격요건 - 학사학위 이상 소지자 - 프로그래밍(C/C++, VBA, Python) 기술을 보유하거나 금융공학 관련 업무 유 경험자 우대 (6) 모집부서: <경영관리실> *포지션: 채용..."
c6398dbbd3c4f4d9,"Partner Engineer, Google Assistant",Google 4.3 서울,,"languages... C++, Java, JavaScript, Typescript or Python. Preferred qualifications: A passion for engineering..."
40acc204682e5219,R&D 연구원,홍익대학교 무인이동체자율항법연구실 서울 마포구,"월급 2,500,000원 - 3,000,000원","로봇공학, 드론, 임베디드시스템 운용 및 통신, 머신러닝 중 일부 프로그래밍: Matlab, C/C++, Python, ROS 등 임베디드시스템: Raspberry PI, Arduino 등 오픈소스 기반 플랫폼 경험자..."
254a4762b91cda74,RTL 및 ASIC 설계 엔지니어(딥러닝 하드웨어 프로세서 개발),딥엑스 성남 분당구,"연봉 40,000,000원 - 42,000,000원","Verification. - C 기반 모델의 RTL IP 설계 및 IP 검증 가능자. - Language: Python(Script), C/C++ [우대 조건] - ARM based SoC 설계. - ARM(AHB, AXI..."
41e16c5d37456c7d,Avionics Software Engineer Intern,BOEING 서울,,"software development skills... simulink, c++, or python ideal candidate may have knowledge on aerospace and avionics..."
37d1f6dbb37f8a38,대용량 분산 스토리지 개발자,카카오 4.2 성남 판교역,,이상 #우대 자격 Java 멀티쓰레드 기반 네트워크 프로그래밍 경험이 있으신 분 (netty도 ok) Python 등의 스크립트 언어를 하나 이상 다룰수 있으신 분 HBase 등의 NoSQL 시스템 운영이나 사용 경험이...
ff04e97830ca895a,2020년 경력사원 공개,LG상사 3.0 서울 종로구,,"출신, Digital Transformation 관련 프로젝트 유경험자, 관련 Tool 활용 가능자(SQL, Python, R 등) 회계 : 대기업 회계 부서 및 회계법인 출신, 관련 자격증 소지자 (KICPA, AICPA..."
f53ddadeae2f3625,소프트웨어 아키텍트,5년차 소프트웨어 개발 중소기업 서울 마포구,,B2B 앱스토어) 2. Java - Framework = springBoot / ORM = JPA 3. Python - RobotFramework / Selenium 4. Infra & Paas - AWS ≫ compute...
8c47e8f334705d2e,Algorithm Application Engineer,Garrett Advancing Motion 경기도,,"System/Data Integration • High level programming skills ( Python, R, Matlab, C++ or Java) • Machine Learning Algorithms..."
d7bcd63e56a64f2b,"AI, eIoT sw 개발자",글로벌브릿지 인천 연수구,"연봉 30,000,000원 - 32,000,000원",성별 무관 기타 담당업무 - 딥러닝에 관심이 있는사람 - 리눅스 환경에서 개발 경험이 있는사람 - C/ Python이 사용 가능한 사람 - LWM2M/OneM2M 플랫폼 기반 게이트웨이 및 디바이스 개발 경험자 - Mbed...
b87ff4aabad6e65e,Process & Data Scientist,Applied Materials Inc. 대한민국,,"systems Experience... least one programming language ( Python, R, Java, etc... writing SQL queries Qualifications..."
4ac26bbae727acbe,"AI, eIoT sw 개발자",케이엠더블유 인천 연수구,"연봉 30,000,000원 - 60,000,000원",[직무내용] - 딥러닝에 관심이 있는사람 - 리눅스 환경에서 개발 경험이 있는사람 - C/ Python이 사용 가능한 사람 - LWM2M/OneM2M 플랫폼 기반 게이트웨이 및 디바이스 개발 경험자 - Mbed-OS를 활용한...
9e73c6c0c12902dd,[Search & Clova] 네이버 Data Science 데이터 분석...,네이버 대한민국,,"Machine Learning 관련 분야 전문 지식 또는 프로젝트 경험 · R, Python, Jav a 중 하나에 뛰어난 프로그래밍 역량 · Python, Shell Programming 사용 경험 · 해외 출장/ 근무에..."
ec49d81e4e52d164,2020년 1분기-2회차 SK엔카닷컴 인재(신입/경력),SK엔카닷컴 서울 중구,,JAVA|인터넷·IT·통신·모바일·게임>웹프로그래머>Ruby|인터넷·IT·통신·모바일·게임>웹프로그래머> Python|인터넷·IT·통신·모바일·게임>웹디자인>UI·UX디자인|인터넷·IT·통신·모바일·게임>웹디자인>모바일UI...
e65a195da656bcdc,[동영상플랫폼] 연계형 인턴십,네이버 대한민국,,"혹은 이해가 깊으신 분 - ffmpeg, gstreamer 오픈소스 컨트리뷰팅 혹은 활용 유경험자 - python 활용 가능자 ​ LIVE 클라우드 백엔드 서버 개발 [ 역할 ] - V Live, NaverTV 등..."
55a19c92c845685e,Developer / Designer recruit,마이뮤직테이스트 서울 논현동,,"language (i.e Python, Ruby, Java, .Net... High proficiency in Python... knowledge... least one Python web framework..."
bfe0f5ac4f32ec89,추천 통계분석/데이터사이언티스트,카카오 4.2 성남 판교역,,등 기타 카카오 서비스 영역 전반 지원자격 숙련된 데이터분석 능력 데이터 사이언스를 위한 언어(R/ Python) 를 하나 이상 능숙하게 다룰 수 있으신 분 분석 결과를 설득력있게 전달할 수 있는 분 우대사항 머신...
1f8241bde59958c8,Virtual Environment Simulation Engineer,네이버랩스 성남 분당구,,"ㅇ 스크립트 언어 개발 경험 ( Python, Bash, etc) ㅇ... 프로그래머>Linux|인터넷·IT·통신·모바일·게임>응용프로그래머> Python|인터넷·IT·통신·모바일·게임>시스템프로그래머>임베디드(Embedded)"
55537575b7dd8d87,Physical Implementation Engineer,SiFive 대한민국,,"optimization Good scripting skills using Tcl, Perl, Python, Makefile and Shell scripts Preferred qualifications Experience..."
ab0ce0078bb3ebd9,다비오 파이썬(python) 백엔드 개발자,다비오 서울 마포구,,지원자격 경력 신입·경력 학력 대학교졸업(4년) 성별 무관 기타 담당업무 (주)다비오 파이썬( python) 백엔드 개발자 채용 커리어 양식 지원 아직 커리어에 이력서를 등록하지 않으셨다면!!상세 이력서 등록하기 상세모집요강...
740e13288ddbbed3,인공지능 딥러닝 프로그램 개발 (C#/Python/C·C++),에이아이웨어 성남 분당구,,지원자격 경력 경력 학력 학력무관 성별 무관 기타 담당업무 인공지능 딥러닝 프로그램 개발 (C#/ Python/C·C++) 모집 커리어 양식 지원 아직 커리어에 이력서를 등록하지 않으셨다면!!상세 이력서 등록하기 상세모집요강...
3ecd87a745e7b526,경력,LG CNS 3.7 서울,,"중 1개 이상) ① Java, Python등 개발 언어 활용 및 응용 개발... 검증/구축 ⑤ Linux, ubuntu 기반, 주 언어는 Java, Python, C 기반 필수요건 ① CSP 기반 서비스 플랫폼 개발 또는 아키텍트..."
092d062a6faa7139,데이터 분석가,카카오 4.2 성남 판교역,,"만한 무언가(실력/열정) 데이터 분석 업무를 수행할 수 있는 하나 이상의 언어 스킬 필수 (예. SQL, Python, R 등) 데이터 기반 프로젝트 경험이 있으신 분 (예: 통계 분석 프로젝트) 어떤 일이라도 중요하게 여기..."
e11bc11a4d72cc54,MPK / MPI-SD Joint Postdoctoral Position for Ultrafast Nonli...,POSTECH / Max Planck POSTECH/KOREA Res. Init. 대한민국,,"Experience in computer programming using C/C++, FORTRAN, Python, Mathematica or Matlab is highly desirable. The candidate may..."
1da18f79e32a0631,(AI기술) 언어교육용 AI기술 개발자 모집,카카오엔터프라이즈 성남 삼평동,,"스로 동기를 부여하시는 분 - 언어 학습에 관심이 많으신 분 - 머신 러닝 및 데이터 처리를 위한 언어 ( Python/Scala 등) 및 도구 (Spark, Tensorflow, Pytorch, Kaldi 등)를 하나..."
465da67c7c564d97,Ericsson-LG Enterprise 신입/경력 인재,에릭슨엘지 서울 금천구,,웹프로그래머>Servlet|인터넷·IT·통신·모바일·게임>웹프로그래머> Python|인터넷·IT·통신·모바일·게임>웹프로그래머>ASP|인터넷·IT·통신... 통신·모바일·게임>응용프로그래머> Python|인터넷·IT·통신·모바일·게임...
83883bfd1f662d69,Data Scientist,Terra 서울,,"skills in a scientific computing language, preferably Python or R Experience working with data science tools... numpy..."
facd4f535e5cd1db,웹개발자,이엘씨소프트 서울 금천구,,있습니다. 인터넷·IT·통신·모바일·게임>응용프로그래머>JAVA|인터넷·IT·통신·모바일·게임>응용프로그래머>iOS|인터넷·IT·통신·모바일·게임>웹프로그래머>ASP|인터넷·IT·통신·모바일·게임>웹프로그래머> Python
e6662326a6c95612,Cloud Solution Architect,Microsoft 4.2 서울,,"estate workloads like HDInsight, Hadoop, Cloudera, Spark, Python required... technical aptitude and experience to learn..."
b51ca785a45edf17,Senior Specialist Consultant - AI/ML,Amazon Web Services Korea LLC 서울,,"experience in software development in languages like Java, Python, Scala. Experience working with RESTful API and general..."
8af26b37623864c4,8퍼센트 개발자 (신입/경력),8퍼센트 서울 종로구,,개발 금융 데이터 분석과 분석 플랫폼 운영 자격요건 컴퓨터 전공자 또는 웹 개발 경력 1년 이상 우대사항 Python 코드를 무리 없이 읽으실 수 있는 분 Linux/Mac 사용 가능한 분 새로운 기술에 대한 호기심을 가지신...
429ae4f58dbeb553,"[해외취업] 캐나다, Framestore, Animator",Framestore 대한민국,,"Skills: A working knowledge of Modeling, Rigging and Mel/ Python scripting Previous experience working with motion capture..."
8d0b3a79363b5a69,Business Analyst (Search and Discovery A...,Coupang 3.0 서울,,"equivalent experience * Has experience with SQL, Excel, Python, and R/SAS or any statistical package * Has experience..."
98c2229e57d4ee1f,전기전자컴퓨터공학부(바이오컴퓨팅연구실) 위촉연구원,광주과학기술원 광주 북구,,"국가보훈대상자(취업보호대상자) 및 장애인은 관련 법령에 의거하여 우대 ② 컴퓨터 프로그램밍 (Matlab, Python, C++등) 가능자 ③ 뇌파 측정 및 분석 2년 이상 경력 ➃ 딥러닝 기술 개발 경험 결격사유..."
73c6e5163f131c23,IC 설계자동화 (EDA) 소프트웨어 (XMODEL) 모델 개발자 / 응...,사이언티픽아날로그 서울 서초구,,"소통을 위해 의사소통, 사회성, 책임감이 뛰어난 분 우대 인터넷·IT·통신·모바일·게임>응용프로그래머>C·C++|인터넷·IT·통신·모바일·게임>응용프로그래머>Linux|인터넷·IT·통신·모바일·게임>웹프로그래머> Python"
e010f7780d479126,검색서비스 서버 개발 신입/경력,포티투마루 서울 봉천동,,"성별 : 무관 - 모집인원 : 0명 [기술 지원자격] - Linux 환경 개발 경력 - C/Java/ Python 개발 경력 - 서버 개발/운영 경력 [우대사항] - 자연어처리, 정보검색, 기계학습, 데이터 마이닝..."
6c1d50662fa2d7f7,서울 강남구 인썸니아 시니어 개발자 및 퍼블리셔,인썸니아 서울 서초구,,"개발자] 1) 경력: 3~5년차 2) skills: Rails, Python, Django, Node, react 중 한가지 이상 3) 연봉... Django, angular JS, Python 등을 능숙하게 사용하시는..."
626a436e05c66fa8,교보악사자산운용 주식운용 사원,교보악사자산운용 대한민국,,0명 2. 지원자격 1) 2020년 2월 졸업 예정자 또는 졸업자 2) 통계패키지(R) 또는 프로그래밍 툴( Python) 사용 가능자 우대 3) 투자자산운용사 우대 4) 영어능통자 우대 5) 국가유공자 우대 3. 담당업무...
1748baa27965fdbf,"MVP 개발 엔지니어(서버, 웹프론트) (정규직, 계약직, 프리랜서)",더테스터 대전 중구,,1년 이상의 서버 개발 경험 · 아래 옵션 중 하나의 기술 스택 사용 - JAVA기반의 Spring - Python 기반의 Django - Ruby 기반의 Rails 우대사항 · 팀단위로 프로젝트를 수주해본 적 있는...
67503f27b0365593,인간중심 지능형 시스템 연구실 시간제 연구원,광주과학기술원 광주 북구,,"우대사항 ① 국가보훈대상자(취업보호대상자) 및 장애인은 관련 법령에 의거하여 우대 ② 이외 개발언어 ( Python, C++, JAVA, MFC, QT 등) 기반 SW(앱/웹 포함) 개발 가능자 ③ 인간대상연구 경험자..."
d9a8d22b38653d34,[인재풀] Central Development Services,Electronic Arts 서울,,"제안 및 구현할 수 있는 능력 - C++, C#, Java, Object C 등의 프로그래밍 언어 및 Python, Shell Scripts, Ruby 등 스크립팅 능력 - 테스트 자동화, CI 시스템 등의 개발 및 관리..."
fd2f650c2f0d4b5e,[메가존클라우드] 2020년 상반기 Commercial Tech 부문,메가존 서울 강남구,,"및 업무 경험 - Shell, Python, Ruby등과 같은 자동화... 고객사 IT 프로젝트 아키텍트 경력 - 영어 능통 - Java/Php/ Python 등 개발 능통 - AWS Bigdata/IoT/Lambda 등 심화..."
3f968a8da5efbbef,[글로벌 반도체 대기업] Speech Enhancement 솔루션 개발,글로벌 반도체 대기업 경기도 화성,"연봉 60,000,000원 - 99,000,000원","경험 - DNN 기반 Voice / Audio 솔루션 연구 개발 경험 - Matlab, C, C++, Python 사용 가능 자 [Contact] Rita 010-6326-9279 근무 형태: 정규직 급여: 60..."
5f3b7800e776da58,Senior Business Analysis (Strategic Plan...,Coupang 3.0 서울,,"e-commerce and other internet-based industries; retail -SQL, Python experience is a plus -Experience with Tableau also a plus..."
d179e1efffe62b53,교보악사자산운용 주식운용본부 Growth팀 사원,교보악사자산운용 대한민국,,명 2. 지원자격 1) 2020년 2월 졸업 예정자 또는 졸업자 2) 통계패키지(R) 또는 프로그래밍 툴( Python) 사용 가능자 우대 3) 투자자산운용사 우대 4) 국가유공자 우대 3. 담당업무 1) 공모주 펀드 운용...
72ca1d59e5c79399,Oracle Linux and Oracle VM Product Suppo...,Oracle 3.8 서울,,"tools/environment skill/knowledge - C/ Python programming skill/experience - Crash... languages... perl, python, php, c..."
d63f81f49bfdc208,Sr. Data Scientist,Amazon Web Services Korea LLC 서울,,"deep learning (e.g., CNN, RNN, LSTM) · Experience in using Python, R, or other programming language Machine learning (ML..."
02b8ffe6f1af96d4,글로벌 여행 스타트업 Trazy - 백엔드 개발자,트레이지(Trazy) 서울 종로구,,인터넷·IT·통신·모바일·게임>웹프로그래머>벡엔드|인터넷·IT·통신·모바일·게임>웹프로그래머> Python|인터넷·IT·통신·모바일·게임>전산·IT기술지원>IT기술지원
fc7028b6cb17fa5b,[라프텔] 서버(백엔드) 개발자,RIDI Corp 서울,,서버 개발 업무에 참여하게 됩니다. Qualifications 백엔드 개발 경력 2년 이상 고품질의 Python 코드 설계/구현 능력 웹 서버 개발에 대한 전반적인 기반 지식 Additional Information...
67ca30c143379281,Data Scientist III,Amazon Web Services Korea LLC 서울,,"development in languages like Java, Python, Scala. Experience working with RESTful... data processing with Python, R & SQL..."
383d4c8a7156b52b,[카카오 클라우드] 플랫폼 포털 개발자,카카오 4.2 성남 판교역,,"기본 조건] 개발 경력 3년 이상 웹서비스를 구성하는 기술에 대한 이해 Java, JavaScript, Python 중 한 가지 언어를 능숙하게 사용할 수 있으신 분 [우대사항] 프론트엔드 개발 경력 3년 이상 IAM..."
180fa192a557ec2c,[손보사] 모바일(App/Web) 개발 (대리~과장급),커리어라임즈 서울,,"이론 및 관련 직무 수행 * Java, ObjectC/Swift, Python, Html5, Javascript - 필요기술 * UX기획, 웹디자인... 통신·모바일·게임>웹프로그래머> Python|인터넷·IT·통신·모바일·게임..."
ae15250b0a7f47e0,데이터 엔지니어,크로스앵글 서울 여의도,,"데이터 관리 (Auth0) - 블록체인 지갑 인증 (Ethereum, EOS) [자격요건] - 백엔드 & Python 실무 개발경험 3년 이상 혹은 그에 준하는 능력을 갖고 있으신 분 - 새로운 기술에 대해 호기심을 갖고..."
533b48ae7ceee2ca,(주)웨이브웨어 2020 년도 신입사원 (개발자),웨이브웨어 대전 유성구,"연봉 25,000,000원 - 30,000,000원","유경험자 - keras/theano/tensorflow 유경험자 - python, java 유경험자 - lwjgl/jogl 을 이용한 OpenGL... tensorflow 유경험자 - python, java 유경험자..."
7bb1e2b604c071e6,[글로벌 Vacuum Pump 제조사] S/W Test Engineer...,(주)씨앤에이코리아 천안 서북구,"연봉 40,000,000원 - 60,000,000원",Display 장비(설비) 운영 S/W 개발 또는 Test 경력자 - Programming languages ( Python/VB/C/C++/C#/Java/JavaScript - Software configuration...
08886d865f1ef1f7,"인공지능(AI), 데이터분석 외 신입/경력 계약직",나라스페이스테크놀로지 부산 영도구,"연봉 40,000,000원 - 50,000,000원",통신·모바일·게임>빅데이터·AI(인공지능)>데이터분석|인터넷·IT·통신·모바일·게임>빅데이터·AI(인공지능)> Python|인터넷·IT·통신·모바일·게임>빅데이터·AI(인공지능)>머신러닝|인터넷·IT·통신·모바일·게임>빅데이터...
5faf4a69ab8c86ca,[FEG] 리버스 엔지니어,창운코리아 서울 구로구,,"라이언트 분석이신 분 - 보안 분야 혹은 시스템 프로그래밍 실무 또는 프로젝트 경력 2 년 이 상 - Python, Ruby 등 스크립트 언어가 가능하신 분 - 크로스 플랫폼 ( 도우 , 맥 , 리눅스 ) 혹은 각 플랫..."
d017610d9828199c,"드론 데이터 스타트업, 엔젤스윙 엔지니어",엔젤스윙 서울 관악구,,"Ruby on Rails, Python, C++, AWS AWS, GCP... 기반 웹서비스 개발 경험 디버깅, 최적화 스킬 Javascript, Python, C++ 등 개발언어 중 자신있는 언어가 1가지 이상 있으신 분..."
bd1ad6ca3aba3000,데이터 엔지니어 / Data Engineer,Bagelcode 서울,,및 개발 [업무 내용] - Python과 Airflow를 이용한 데이터... 이해 - AWS 환경에서 개발/운영 경험 혹은 그에 준하는 지식 - Python / Java / Scala / Kotlin 중 하나 이상을 이용한...
b9974ad79659bb6d,"카카오콘 앱(iOS), 서버 경력 개발자",카카오 4.2 대한민국,,"2년 이상 모바일 환경을 위한 API 시스템 개발 경험 특정 언어 하나에 능숙하신 분으로, 배워서라도 Python 또는 Ruby 개발이 가능하신 분 [우대사항] 백엔드 서버와 웹 프런트엔드 모두 개발 가능하신 분 ※ 카카오..."
bcc6a3fe369a80fc,금융솔루션 개발 및 기획,이음솔루션즈 서울 영등포구,"연봉 30,000,000원 - 35,000,000원",통신·모바일·게임>빅데이터·AI(인공지능)>데이터분석|인터넷·IT·통신·모바일·게임>빅데이터·AI(인공지능)> Python|인터넷·IT·통신·모바일·게임>빅데이터·AI(인공지능)>R|인터넷·IT·통신·모바일·게임>응용프로그래머...
3e06cf372a8c1681,Platform/BSP SW APPS Engineering - Sr. E...,Qualcomm 4.1 서울,,experience on C and scripting languages is preferred (Shell/ Python) *Responsibilities: -Keeps abreast of new specifications...
2b1c5b35b97700fc,인프라 플랫폼 개발자,고도소프트 서울 구로구,,"NHN고도의 신규 서비스 개발 자격요건 - 웹개발 경력 1년 이상 ~ 5년 이하 - PHP(주 개발언어), python, java중 하나 이상 개발이 가능한 분. - Database 이해도가 높은 분 - 개발 프레임워크 사용..."
2d5c603043556b81,Marketing Science Director,KANTAR 3.7 서울,,"Ability to program, ideally in different languages... Python, Hadoop, R, Java, Ruby, Matlab, Pig or SQL Passionate about..."
282b7f31b5737f09,(클라우드서비스)네트워크 개발자 모집,카카오엔터프라이즈 성남 삼평동,,"준하는 3년 이상의 경력. - Network Virtualization에 관심이 있는분. - Golang, Python, C/C++ 중 한가지 언어에 능숙한 개발. (우대사항) - Kubernetes/Openstack..."
af5683389907a8c9,백엔드 개발자 (경력),크로스앵글 서울 여의도,,"데이터 관리 (Auth0) - 블록체인 지갑 인증 (Ethereum, EOS) [자격요건] - 백엔드 & Python 실무 개발경험 3년 이상 혹은 그에 준하는 능력을 갖고 있으신 분 - 새로운 기술에 대해 호기심을 갖고..."
1a0fc032fa7d6866,"Sales Engineer (Pre-Sales), Korea",Recorded Future 서울,,"Technical skills: Coding experience preferred (i.e. Python), JSON familiarity a plus * Experience in an analytical role..."
dd4d8e59a4a9265d,Data Specialist (Scientist&&Engineer),아우름플래닛 서울 마포구,,"Tensorflow, Keras, Pytorch, Theano 등)를 하나 이상 사용할 수 있는 분 • R, Python, Scala, SQL 등을 이용한 데이터 분석 및 프로그램 개발 능력이 있는 분 • 데이터 분석 기법..."
464ef95516a5fa5c,8퍼센트 경력 개발자,8퍼센트 서울 종로구,,"개발업무 - 금융 서비스 개발 - Python/Django 기반 - 정해진 역할이 아닌 기능에 따른 업무 분배 - 프로트엔드부터 백엔드까지 업무 범위... SQL 기본 - git flow - python, django 경험자 우대"
67a92be234325f85,[해외취업] AI 엔지니어,株式会社ASCOM 대한민국,,"회사에서 일하고 싶어하는 사람들에게 좋은 기회입니다. 인생의 새로운 장을 열어보세요! 1) C/C++, Python 및 기타 프로그래밍 언어에 익숙한 자 2) 딥 러닝 도구(예：Tensorflow,Caffe 등)에 익숙한 자..."
8f6cb0fb399e9e32,11번가 IaC(Infra as Code) Engineer 분야,십일번가 서울 중구,,"및 가상화(VMware/OpenStack/XEN) 경험하신 분 Infra관리 tool을 직접 개발해본( Python/PHP 등을 이용) 경험이 있으신 분 ELK, Kafka, redis 등 구축/운영 경험 있으신 분 자동화..."
881a1aa0f0646335,Tech U Associate Professional Services C...,Amazon Web Services Korea LLC 서울,,"programming languages: Java, Python, Ruby, Node.js, C#, or C++ · Experience... JS, Java, Ruby, C#, C++, Python, or PHP)"
9ebdf72100457715,리서치분야 경력직,케이지제로인 대한민국,,"모델링 자격 요건 - 금융공학, 경영학(재무학), 경제학, 수학 등 관련 분야 전공자 - SQL, R, Python 등 Tool 숙련자 우대사항 - 금융관련 자격증 소지자 / 재무 및 통계 관련 석박사 / 펀드 관련..."
c46c1d3d5b3fb904,SDET Engineer,Nielsen 3.8 서울,,"experience... least one of following programming languages: Python, Ruby, Java, C++. Experience in multiple languages..."
e11bc11a4d72cc54,MPK / MPI-SD Joint Postdoctoral Position for Ultrafast Nonli...,POSTECH / Max Planck POSTECH/KOREA Res. Init. 대한민국,,"Experience in computer programming using C/C++, FORTRAN, Python, Mathematica or Matlab is highly desirable. The candidate may..."
48ca423ba9cc3be4,Product Test Engineer - GPU,NVIDIA 서울,,"VB. Experience in either Shell Prog., Awk/Sed, Perl, Python is preferred. Experience in CAD/SPICE is preferred. Experience..."
9e73c6c0c12902dd,[Search & Clova] 네이버 Data Science 데이터 분석...,네이버 대한민국,,"Machine Learning 관련 분야 전문 지식 또는 프로젝트 경험 · R, Python, Jav a 중 하나에 뛰어난 프로그래밍 역량 · Python, Shell Programming 사용 경험 · 해외 출장/ 근무에..."
a6d0f0030a9ad230,링크샵스 플랫폼 개발 및 유지보수 담당,링크샵스 서울 중구,,"알고리즘 모델링 및 적용 경험 [우대사항] • 인공지능, 머신러닝(기계학습), 빅데이터 관련 석사 우대 • Python, Tensorflow, Keras 경험자 우대 • 대용량 서비스 및 데이터 처리 경험자 우대 • 이미치..."
62d8726bc5e89cf8,"딥러닝, 인공지능(AI) 외 경력 정규직",블록체인씨앤에스 서울 성동구,,"경험 - AI(M/L, D/L) 기반 다양한 모델 개발 경험자, Python/Tensorflow 활용 경험자 병역특례자 00 명 근무조... 머신러닝(ML)|인터넷·IT·통신·모바일·게임>응용프로그래머> Python"
4ac26bbae727acbe,"AI, eIoT sw 개발자",케이엠더블유 인천 연수구,"연봉 30,000,000원 - 60,000,000원",[직무내용] - 딥러닝에 관심이 있는사람 - 리눅스 환경에서 개발 경험이 있는사람 - C/ Python이 사용 가능한 사람 - LWM2M/OneM2M 플랫폼 기반 게이트웨이 및 디바이스 개발 경험자 - Mbed-OS를 활용한...
6c6ccc05ec15dc41,Design for Test (DFT) Engineer,SiFive 대한민국,,"power intent (UPF/CPF). Good scripting skills using Tcl, Perl, Python, Makefile and Shell scripts Preferred qualifications..."
dcafe087f86aaa47,경력사원 수시,두산 디지털이노베이션 서울,,"5년 이상 3. 기업의 AI, Machine Learning 관련 프로젝트 수행경험 4. SAS, R, Python, SQL 등 하나 이상의 분석언어 숙련자 5. Tensorflow, Keras 등 ML 툴 사용 가능자..."
b574f1454ae36aab,Cross Border Ecommerce - Business Intell...,Shopee 서울,,business analyst related roles * Proficient in SQL and Python * Strong analytical skill and sensitivity to data * Strong oral...
65232d6e37b8f7fb,주니어 데이터 엔지니어 / Junior Data Engineer,Bagelcode 서울,,일관성을 보장할 수 있는 시스템 연구 및 개발 [업무 내용] - Python과 Airflow를 이용한 데이터 파이프라인 개발 - Spark와... 본적인 전산 지식에 대한 이해 - Python / Java / Scala...
c7c315d68ab45e13,TOIION 토이온 전산 인프라 운영 스탭,토이온 성남 수정구,,"MySql, MongoDB, MariaDB 등 ) 설치 경험 - 프로그래밍 / 스크립팅 (Bash, Python 등 ) 능력 0명 서류전형 면접전형 최종심사 * 서류심사 합격자에 한해 개별 통보 제출서류 입사지원서 및..."
b8f9206dc9c4a886,광학솔루션사업부 경력사원 (인재Pool),LG이노텍 4.1 경상북도 구미,,"House) 구조 설계 - 산업용 및 협동로봇 운용을 위한 로봇 알고리즘 이해 및 SW 프로그래밍 가능자( Python, C++) ※ Smart Factory 관련업무 및 제조분야 IT 시스템 관련 경력 필수 (3년 이상..."
7c7f6f9c070d78bd,Robot SW Engineer 그룹 IT인프라 구축,그룹 IT인프라 구축 서울특별시,,"대한 기본 이해(Git 등)"" Skill - Robot Application 개발 기술: C#, C++, Python, ROS, Linux 등 - Machine Learning 적용 알고리즘 구현 및 운영 - Vision..."
a50fce6cc2cb57c9,자연어처리전문가 금융챗봇 만들어 갈 엔지니어,파운트 서울 충정로역,,리에 필요한 알고리즘을 개발하고 Python으로 구현 및 성능 검증을 진행... Description - 자연어 처리에 필요한 알고리즘을 개발하고 Python으로 구현 및 성능 검증을 진행 - 자연어 전처리 (형태소 분석...
1a5cda61b51c21b7,SAP Architect,Amazon Web Services Korea LLC 서울,,"Scripting experience with tools... Powershell, Python, Bash, Ruby, Perl, etc. · Experience with Unix/Linux and Windows..."
092d062a6faa7139,데이터 분석가,카카오 4.2 성남 판교역,,"만한 무언가(실력/열정) 데이터 분석 업무를 수행할 수 있는 하나 이상의 언어 스킬 필수 (예. SQL, Python, R 등) 데이터 기반 프로젝트 경험이 있으신 분 (예: 통계 분석 프로젝트) 어떤 일이라도 중요하게 여기..."
b35da47f5e84c9b4,콘텐츠서비스개발팀 - 데이터분석가,Nexon 성남 분당구,,"적인 문제 해결 및 커뮤니케이션 능력 - 새로운 기술 습득에 능동적이고 거부감이 없는 분 우대사항 - Python , Scala 을 이용한 데이터분석 능력 - SQL 기본 활용 능력 - 통계 및 분석에 대한 이론 지식..."
fa839fed02943ef7,"Technical Specialist, Professional Servi...",Google 4.3 서울,,"one or more object-oriented programming language (e.g., Java, Python, etc.). Experience in mobile and web development best..."
4233609a843b5e96,분석지원팀 - 데이터 분석가,Nexon 성남 분당구,,및 커뮤니케이션 능력 - (필수) 새로운 기술 습득에 능동적이고 거부감이 없는 분 - (선택) R 혹은 Python을 이용한 데이터분석 능력 - (선택) SQL 기본 활용 능력 - (선택) 통계 및 분석에 대한 이론...
22a5590c81649937,Senior Technical Consultant,MathWorks 서울,,"scientific applications Other programming languages, e.g. Python, R, Java, C/C++ or C# Strong knowledge of computational..."
f10477b81840d778,데이터 분석가 / Business Analyst,Bagelcode 서울,,중독자 [우대 사항] - Tableau 등 시각화 툴을 활용한 대시보드 설계 및 운영 경험 - SQL / Python / R 등 데이터 분석 업무를 수행할 수 있는 하나 이상의 개발 언어 유경험자 - 비즈니스 레벨 이상의...
e4a8d8095243c5bb,웹개발자 모집,원오토메이션 창원 의창구,,"내용 [직무내용] MES, 솔루션 개발 및 분석 설계 (프론트엔드, 백엔드, 풀스택) [직무요구능력] 1. Python 2. HTML / CSS / javascript 퍼블리싱 3. Javascript (예. D3, 차트..."
9f7d7cbe5e172a01,Front-end Developer,"Miso, inc 서울",,"HTML에 대한 이해가 깊은 분 * Golang, Node.js, Python, or Ruby 중 프로그래밍 언어 사용 가능하신 분 * 새로운 기술에... Data Science: Go, Python * Collaboration..."
f13d84719e788dbb,[Autonomous Driving] Software Tool Engin...,네이버랩스 성남 분당구,,"원들과 협업 필요역량 ㅇ Python/C/C++ 언어 개발 용이 ㅇ... 양한 전문 지식을 가진 팀원들과 협업 필요역량 ㅇ C/C++, Python 언어 개발 용이 ㅇ Annotation Drawing Tool 또는..."
703240f1af245dde,Cloud Storage Architect 국내 IT 대기업,국내 IT 대기업 서울특별시,,"contribution 경험 - 자동화 구현 솔루션/언어 사용 경험 (Ansible, Chef, puppet, Python, JSON, YAML 등) ※ 우대사항 - 클라우드 스토리지 서비스 구축/운영 경험자 - 스토리지..."
212ca67d161b7162,2020 Market Data Analyst - Seoul (Korean...,Bloomberg 서울,,"languages (e.g. Python, R, JavaScript... programming/scripting languages (e.g. Python, R, JavaScript, Java) as well as SQL..."
962ccc68c40fa2d8,Engineer II - Test GSO,"Advanced Energy Industries, Inc 서울",,"Familiar with program language... Labview,TestStand, Python, Matlab, etc. EDUCATION: Essential: Bachelor of Science..."
dbe0f6f7da20d201,"Principal, Back-end Engineer (Seller Por...",Coupang 3.0 서울,,Expert with one or more programming language... Java/ Python/Scala * Understanding of architectural principles and design...
82f5d2aebb1bbf3a,AI/IoT 연구 개발자 채용,(주)트리플렛 서울 마포구,"연봉 25,000,000원 - 50,000,000원","7년, 박사 3년 이상인 자 [관련기술] - C/C++ - Java/JSP and javascript - Python - MySQL or MariaDB - Maven or Gradle - Git *[우대사항..."
180fa192a557ec2c,[손보사] 모바일(App/Web) 개발 (대리~과장급),커리어라임즈 서울,,"이론 및 관련 직무 수행 * Java, ObjectC/Swift, Python, Html5, Javascript - 필요기술 * UX기획, 웹디자인... 통신·모바일·게임>웹프로그래머> Python|인터넷·IT·통신·모바일·게임..."
6ecc8058c1538843,데이터플랫폼실 - Software Engineer,Nexon 성남 분당구,,"Spark, Hadoop) 설계 및 성능개선 지원자격 - C++/ C# / JAVA / Scala / Python 언어 중 한가지 이상의 언어를 능숙히 사용하시는 분 - 빅데이터 플랫폼을 활용하여 데이터 처리한 경험이..."
e4efcb9edde1640b,이공계 취업연계 연수생,경기도경제과학진흥원 서울 서초구,,"러닝 시스템 개발 자바, C, Python 가능자 아이웨이 서비스 외... 구축 정보처리기사 자격증 보유자 - 연수과정 과정명 JAVA와 Python기반 빅데이터 양성과정 모집인원 20명 20명 전문연수 (16..."
5ed0334bca0963cb,[Autonomous Driving] Virtual Environment...,네이버 대한민국,,"C/C++, Software Design, Debugging Skills ㅇ 스크립트 언어 개발 경험 ( Python, Bash, etc) ㅇ Embedded Platform과 System Software 개발 경험 및 이해..."
f8ee4cfdf4dd6934,성장하는 핀테크 스타트업 BackEnd Developer 경력직,웨이브릿지 서울 강남구,,"적인 사고 및 알고리즘을 좋아하시는 분 Java, Spring 및 Design Pattern 에 대한 이해 Python 데이터 분석 및 웹개발 경험 RESTful API 서버에 대한 이해 및 구현 능력 기본적인 SQL문 작성..."
94242432ba095bac,기업부설연구소 경력직 연구원(정규직) 공개,케이포시큐리티 서울 구로구,"연봉 50,000,000원 - 60,000,000원","업무 자격요건 인원 [담당업무] - 프로그램 개발 (go /c++ / Python... 네트워크 프로그래밍 (P2P, C... NS-3... 그래머>C·C++|인터넷·IT·통신·모바일·게임>응용프로그래머> Python"
1748baa27965fdbf,"MVP 개발 엔지니어(서버, 웹프론트) (정규직, 계약직, 프리랜서)",더테스터 대전 중구,,1년 이상의 서버 개발 경험 · 아래 옵션 중 하나의 기술 스택 사용 - JAVA기반의 Spring - Python 기반의 Django - Ruby 기반의 Rails 우대사항 · 팀단위로 프로젝트를 수주해본 적 있는...
eec4b684cdb38ebd,Pre Sales Engineer,Arm 서울,,"node.js and html.Good knowledge... working experience in Python.Engagement with developers, business analysts..."
1b7eb3866d9df69b,기업부설연구소 경력직 채용공고,다나와 서울 목동,,"담당업무 -데브옵스(devops) 환경 구축 및 품질향상 응시자격 - 경력 1~7년 - Java, Python에 대한 이해보유자 - Spring Boot 또는 Express.js 프레임워크 이해 보유자 웹퍼블리셔..."
d1725fbd4b0b1e5f,[해외취업] 소프트 웨어 개발 엔지니어,파소나 대한민국,,"Embedded Software Engineer、System Architecture、C++, C、 Python、Java Script、Real Time OS: VxWork(Embedded)、QNX、programming..."
f7b3c8657e731980,데이터 분석/자연어 처리 파이썬(Python) ...,윕스 서울 마포구,,및 자연어 처리 - 고용 형태: 정규직 * 담당 업무 (1) Python을 통한 데이터 분석 및 자연어 처리 (2) NoSQL을 활용한 기반... 경력 5년 이하 우대조건 - Python을 활용한 자연어 처리 경험자...
f53ddadeae2f3625,소프트웨어 아키텍트,5년차 소프트웨어 개발 중소기업 서울 마포구,,B2B 앱스토어) 2. Java - Framework = springBoot / ORM = JPA 3. Python - RobotFramework / Selenium 4. Infra & Paas - AWS ≫ compute...
33da210b05e4dac7,"Design Consultant, Sr II",Synopsys 대한민국,,"DFT, MBIST, and ATPG tools. • Experience scripting... Python and Tcl. Experience with Verilog or SystemVerilog RTL..."
07375dc4e800dfa9,추천 시스템 소프트웨어 엔지니어,카카오 4.2 성남 판교역,,"트워크, 컴파일러, 데이터베이스에 대한 이해가 깊으신 분 C/C++/ Python 프로그래밍 숙련자 GPU 프로그래밍 숙련자 대용량/실시간 서비스 개발... 키워드 프로그래밍 언어 Python, C/C++, Go, Java..."
1da18f79e32a0631,(AI기술) 언어교육용 AI기술 개발자 모집,카카오엔터프라이즈 성남 삼평동,,"스로 동기를 부여하시는 분 - 언어 학습에 관심이 많으신 분 - 머신 러닝 및 데이터 처리를 위한 언어 ( Python/Scala 등) 및 도구 (Spark, Tensorflow, Pytorch, Kaldi 등)를 하나..."
73ecc36bb6231f81,"Principal, QA Engineer (Seller Portal)",Coupang 3.0 서울,,"one another programming language... Java, C#, and Python Preferred: * Experience... advertising... eCommerce..."
e6662326a6c95612,Cloud Solution Architect,Microsoft 4.2 서울,,"estate workloads like HDInsight, Hadoop, Cloudera, Spark, Python required... technical aptitude and experience to learn..."
338660b483fec9e9,"비젼 프로그램 개발, 자동제어 외 경력 정규직",에프피에이 경기도 화성,,"VISION LIBRARY C#, JAVA SIMULATION 가능자 설계 경험유경험자 C#, JAVA, PYTHON MOTION CONTROL 영어 혹은 중국어 회화 가능자 ANDROID UI & PROGRAMMING..."
d9470ee259f7457b,Cloud Infrastructure Architect,Amazon Web Services Korea LLC 서울,,"through DevOps scripting (E.g. shell, Python, Ruby, Powershell) · Configuration... 스크립팅 (예 : shell, Python, Ruby, Powershell..."
84348b9371558933,[Autonomous Driving] Software Tool Engin...,네이버 대한민국,,"팀원들과 협업 • 필요역량 ㅇ Python/C/C++ 언어 개발 용이 ㅇ... 다양한 전문 지식을 가진 팀원들과 협업 • 필요역량 ㅇ C/C++, Python 언어 개발 용이 ㅇ Annotation Drawing Tool 또는..."
c98916e3a8edab81,데이터 분석가(팀장급),RIDI Corp 서울,,"이해 및 활용 가능 데이터에 기반한 사고 능력 비즈니스 데이터 분석 실무 경험 데이터 처리 언어 (R, Python, Scala) 사용 경험 Additional Information 우대 사항 데이터 분석팀 리딩 경험..."
f6fe4d192f210bc7,퀀트 개발자 (Quant Developer),ATZ Inc. 서울,"연봉 30,000,000원 - 40,000,000원",any... following languages. (C/C++/C#/ Python/Java/Node.js)* Experience with R... languages) C/C++/C#/ Python/Java R/Excel...
e11bc11a4d72cc54,MPK / MPI-SD Joint Postdoctoral Position for Ultrafast Nonli...,POSTECH / Max Planck POSTECH/KOREA Res. Init. 대한민국,,"Experience in computer programming using C/C++, FORTRAN, Python, Mathematica or Matlab is highly desirable. The candidate may..."
8b01b1a695628e97,"[해외취업] 캐나다, Framestore, Rigging Technica...",Framestore 대한민국,,"CG characters... requisite attention to detail Advanced Python or Mel, GUI scripting... ability to follow strict..."
2485e93043545d8a,인간중심 지능형 시스템 연구실 위촉연구원,광주과학기술원 광주 북구,,"및 인간 대상 연구 수행) 공학 학사학위 이상 C#기반 SW개발 가능자 우대사항 ① 이외 개발언어 ( Python, C++, JAVA, MFC, QT 등) 기반 SW(앱/웹 포함) 개발 가능자 ② 인간대상연구 경험자..."
7c57fb8fc418e996,트레이딩본부 (신입),메리츠종합금융증권 대한민국,,"등) - 수리적 감각 뛰어나신 분 - 엑셀 활용능력 우수자 - 프로그래밍 기초지식 보유자 (MySQL, python, C, C++ 등) - 장애인, 보훈 취업지원대상자 등 관련 법령에 따른 대상자 우대 근무환경..."
f8de9004dab92f5d,"Principal, Data Scientist (Data Platform...",Coupang 3.0 서울,,"deep learning, big data • Good working knowledge of R/ Python • Experience with distributed frameworks like Spark/MapReduce..."
9437c9fdc6462773,Data & AI Technical Specialist,IBM 3.9 서울,,"Data Science space: SPSS, Decision Optimization, SAS, R and Python programming, etc. Knowledge... Open Source space..."
7c1737fbadab9ad4,리스크관리본부 리스크관리팀,이스트스프링자산운용 대한민국,,"리본부 리스크관리팀 사원·대리급 2. 지원자격 - 리스크관리 관련 경력 3~6년 - Query, VBA, Python, MS Office 능통자 우대 - 금융공학 지식 보유자 우대 - 영어 능통자 우대 - 보훈 대상자 우대..."
49335253c9d14ed4,Software Engineer,Nexon 성남 분당구,,"데이터 분석 알고리즘 개발 지원자격 - 관련 직군 2년 이상 경력 - 웹어플리케이션 개발 경력 - Python, C#, Java 중 최소 1개 언어에 대한 경험이 있는 분 - SQLServer, Mysql과 같은..."
f559ef213adb2602,퀀트운용본부 경력사원(수정),디비자산운용 대한민국,,"3년 이상 - 주식 및 시장에 대한 퀀트/계량적 접근방식 유경험자 우대 - 프로그래밍 능력(VBA, R, Python 등) 보유 및 모델개발 경험자 우대 - 투자자산운용사 자격 보유자 - 영어 등 외국어 활용능력 우수자 우대..."
3ca47f227f783ee5,저축은행 디지털 LAB,국내자본 저축은행 서울 구로구,,"여신/수신) 데이터 분석을 통한 인사이트 도출 및 리포팅 [자격요건] - 4년제 정규 대졸 이상 - R/ Python 을 이용한 데이터분석 프로젝트 수행 가능자 (분석, 기획, 데이터추출/전처리, 모델링) - 데이터분석/모델링..."
66df90351d0897e2,파생운용실 전문계약직,하나금융투자 대한민국,,"개발 및 실무 3. 지원자격 및 우대사항 [지원자격] - 파생상품운용 실무경력 또는 연구경력 3년 이상 - Python / VBA 등 프로그래밍 가능자 [우대사항] - 박사학위 소지자 우대 - 물리, 수학, 통계, 금융공학..."
5ee29e41129934a3,파이썬 중급개발자,퓨쳐위즈 서울 강남구,,"우대사항 - Django 유경험자 - 외국어 : TOEIC - 전공 : 전산학/컴퓨터공학, 응용소프트웨어공학 인터넷·IT·통신·모바일·게임>웹프로그래밍> Python"
81acb0a951cdde98,파이썬/자바스크립트 경력 정규직,디노플러스 서울 강남구,,그래머>JSP|인터넷·IT·통신·모바일·게임>웹프로그래머>JAVA|인터넷·IT·통신·모바일·게임>웹프로그래머>벡엔드|인터넷·IT·통신·모바일·게임>웹프로그래머>프론트엔드|인터넷·IT·통신·모바일·게임>웹프로그래머> Python
38624e6a0d63341f,System SW Developer (IP Telephony System...,Ericsson 서울,,"jobs Coding with Python, C or C++ or Java... experience Programming Language: Python, Java, JavaScript, C, C++ Knowledge..."
34476fc1bc0bb748,오픈소스 엔지니어 영입,카카오페이 성남 백현동,,"대한 전반적인 이해가 있으신 분 -논리적이고 체계적인 문제해결 및 커뮤니케이션 능력을 보유하신 분 - Python, Ruby, Shell 스크립트 사용이 가능하신 분 *우대사항 -ZooKeeper 분산 코디네이터 경험을..."
204308e277d085e3,DevOps Consultant - Professional Service...,Amazon Web Services Korea LLC 서울,,"programming and scripting languages... Shell, Python, Ruby, Perl, Java, .Net, or C++. · Experience with building..."
432b169b273d9964,"R&D Engineer, Sr I",Synopsys 서울,,back-end Strong software programming skills in C++ and python is required Job Category Engineering Hire Type Employee...
674370fd38bce0dd,지스트 블록체인경제센터(강남소재) 계약직(연구원),광주과학기술원 광주 북구,,블록체인 경제 블록체인 하드포크 1) 4년대 대학 이상 졸업자 2) SW프로그래밍 제작 경험자 3) Python/C/Java/Go 프로그래밍 가능자 우대사항 ① 국가보훈대상자(취업보호대상자) 및 장애인은 관련 법령...
112b18e814dc90dc,코리아서버호스팅 풀스택 경력,코리아서버호스팅 서울 서초구,,"업부설연구소 자격요건 신입, 경력 우대사항 컴퓨터/시스템공학 정보처리기사/정보보안기사 PHP, Python, nodejs 가능자 우대 ELK 사용경험 Openstack 사용경험 Linux 사용경험 지원자격 학력..."
1f7f2b48cf91125b,DBA담당자,해커스 서울 강남구,,"스크립트 (쉘 or Python...) 작성 가능 6. 신규 시스템 RDBMS 설계(요건 분석 및 협의 능력) 7. 원활한 소통능력 8. 경력 4년 이상 우대사항 1.개발 경험 (Java, Python, C++) 2..."
2a1d77bd91952093,(주)엘솔루 개발자,㈜엘솔루 서울,,"필수사항] ㆍ프로그래밍에 재능 및 열정이 있는 자 ㆍJava, Python 중 하나 이상의 언어사용자 ㆍ자료구조 지식이 있는 자 ㆍ학력... 머신러닝(ML)|인터넷·IT·통신·모바일·게임>응용프로그래머> Python"
9fcd027f173235aa,퀀트운용본부 경력사원,디비자산운용 대한민국,,"3년 이상 - 주식 및 시장에 대한 퀀트/계량적 접근방식 유경험자 우대 - 프로그래밍 능력(VBA, R, Python 등) 보유 및 모델개발 경험자 우대 - 투자자산운용사 자격 보유자 - 영어 등 외국어 활용능력 우수자 우대..."
5333a6b16ba739a1,JAVA 개발자 대규모 인재 [광고플랫폼 업계1위/청년친화강소기업],인라이플 서울 구로구,,인터넷·IT·통신·모바일·게임>응용프로그래머>JAVA|인터넷·IT·통신·모바일·게임>응용프로그래머> Python|인터넷·IT·통신·모바일·게임>웹프로그래머>백엔드|인터넷·IT·통신·모바일·게임>전산·IT기술지원>유지보수|인터넷...
692486e7a2b0522e,인프라 관리/운영 웹 애플리케이션 개발자,Nexon 성남 분당구,,"인프라 프로비저닝 및 배포 자동화 웹 애플리케이션 개발 지원자격 - 전체 개발 경력 3년 이상 - Python , Go 등의 서버 사이드 개발 경력 - RESTful API에 대한 이해 - Javascript..."
ae2c6294bc277408,Lead Technical Solutions Engineer,MightyHive 서울,,Data Analysis in Python... R... 와 같은 모바일 앱 트래킹 도구들을 위한 모바일 이벤트 트래킹 * Python 또는 R 을 활용한 데이터 분석 * Machine Learning...
4e0e3461de8ecc3f,"인프라웨어, 셀바스엠 서버개발/운영 경력직",인프라웨어 서울 서초구,,"로 대용량 서비스 운영 경험자 - shell script, perl, python 등의 script언어 사용 가능자 [우대사항] - AWS 사용경험... Tool 경험자 - Python 등을 활용하여 서비스 인프라를 자동화 해..."
dbe0f6f7da20d201,"Principal, Back-end Engineer (Seller Por...",Coupang 3.0 서울,,Expert with one or more programming language... Java/ Python/Scala * Understanding of architectural principles and design...
0ab285258b1cb206,저축은행 앱마케팅팀 데이터분석,국내자본 저축은행 서울 구로구,,"실무 적용 - BI Tool 기반 KPI 자동화 및 데이터 시각화 [자격요건] - SQL 사용 가능 - Python or R 사용 가능 - 태블로 사용 우대 - 금융사 경력 우대 - 긍정, 열정, 탐구적인 자세 [전형절차..."
e6ed4f83454aa0c3,Java/Jsp/Front-end/WEB 개발자,에코소프트 경기도,,및 제출서류에 허위사실이 있을 경우 채용이 취소될 수 있습니다. 인터넷·IT·통신·모바일·게임>웹프로그래밍> Python|인터넷·IT·통신·모바일·게임>웹프로그래밍>프론트엔드|인터넷·IT·통신·모바일·게임>웹프로그래밍>벡엔드...
50d0ae3f24a94532,"로봇관련, R&D_로봇 Skill 개발",4차산업 공장 자동화 기기 및 소프트웨어 경기도 수원,,"용한 장치 인터페이스 관련 지식 (우대) - 로봇 모션 및 힘 제어 알고리즘 개발 지식 - 프로그래밍 스킬( Python 필수, C++우대, Java 우대) - 기계/메카트로닉스 공학 계열의 4년제 대졸 학사 이상 - 경력 3..."
9b09565fe78ef392,DX혁신부문 Tech Lab Senior Machine Learning...,이투스교육 서울 강남구,,"분 - 일반적인 백엔드 시스템 설계 및 개발 - ML/AI 시스템 아키텍쳐 설계 경험 - Python, scala, R 등 ML 및 통계 관련 언어 사용 경험 - 머신러닝 프레임워크 경험자 (TensorFlow..."
b06176c3a7092e0a,Customer Facing Data Scientist,Ever Better Recruitment (EBR) 서울,,ensure appropriate communication Experience in R or Python analysis Up to 50% off-site visits English ability to perform...
08ac4426aa2a7bed,퍼포먼스 마케터 (SA 중심),Soomgo 서울 강남구,,"Google Analytics, Amplitude/Mixpanel 등 분석툴 사용하신 분 • SQL, Python 등 데이터 분석 능력 있으신 분 [숨고멤버 Join] • 서류전형 : 이력서(자기소개서) & 포트폴리오..."
10ddf37c7b70f83b,[해외취업] 고급 IT 엔지니어,株式会社ASCOM 대한민국,,"일본어 능력은 상관없음.  python,C++,C,C#,ASP.net,JAVA,VB.net,swift,IOS,Android,kotlin 중 한가지 이상 개발 경력이 3년 이상인 자. [ python] * AI, 사물 인터넷..."
a2089ff8a19a429f,Fullstack SW개발자,신재생에너지 분야 솔루션기업 성남 판교역,,"자격요건] -유관업무 경력 5년 이상 -Programmming Language : C/C++, Java, Python -데이터베이스 기초설계 및 연동 -웹기반 UI 개발 경험 [우대요건] -분산형 시스템 개발 경험 -AI..."
d425b24146af3fa1,지구·환경공학부 환경시스템공학 연구실 위촉연구원,광주과학기술원 광주 북구,,"험수행 ① 국내외 4년제 대학교 환경공학관련분야 학사 이상 학위소지자로서, ② MATLAB, R, 그리고 Python 중 1개 이상의 프로그램 언어를 다룰 줄 알며, ③ 공고일 기준 2년 이내 아래의 공인영어성적 소지자..."
22ea43afd8105577,"WEb 개발자 경력 정규직, 프리랜서",케이포시큐리티 서울,,로그래밍>ASP|인터넷·IT·통신·모바일·게임>웹프로그래밍>PHP |인터넷·IT·통신·모바일·게임>웹프로그래밍>JAVA|인터넷·IT·통신·모바일·게임>웹프로그래밍> Python|인터넷·IT·통신·모바일·게임>웹프로그래밍>벡엔드
4a426e3ffacd161c,이상탐지팀- 웹프로그래머,Nexon 성남 분당구,,"C# / Python 언어 중 한 가지 이상의 언어를 능숙히 사용하시는 분 - 자료구조, 알고리즘, 데이터베이스 등 프로그래밍 기초지식을 지니신 분 * 사용기술 - AWS, Linux - Python, Spark..."
16dff836029458af,"모바일 앱 서버 개발(Java, Python)",휴먼디지털 서울,,"Python) 자격조건 - 정보시스템 설계 및 데이터 마이닝용 시스템 설계. - 모바일 앱 서비스용 서버 API 설계 및 개발. - 주소록 동기화, Confirmed Push 경험 하신 분 우대. - 자바, Python..."
78d1ec77f4a5e0dc,기후 분석&모델링연구실 시간제연구원,광주과학기술원 광주 북구,,"수행 ① 국내외 4년제 대학교 환경공학관련분야 학사 이상 학위소지자로서, ② Fortran, GrADS, python 중 1개 이상의 프로그램 언어 사용 가능자 우대사항 ① 국가보훈대상자(취업보호대상자) 및 장애인은..."
fa839fed02943ef7,"Technical Specialist, Professional Servi...",Google 4.3 서울,,"one or more object-oriented programming language (e.g., Java, Python, etc.). Experience in mobile and web development best..."
794e209e405f4fc0,지스트 블록체인경제센터(강남소재) 계약직연구원,광주과학기술원 광주 북구,,구직 명 블록체인 개발 블록체인 경제 블록체인 하드포크 1) SW프로그래밍 제작 경험자 2) Python/C/Java/Go 프로그래밍 가능자 우대사항 ① 국가보훈대상자(취업보호대상자) 및 장애인은 관련 법령...
b59aefbf5af2d7ea,Discovery ML Engineer,딜리버리히어로코리아 서울 서초동,,"Qualifications -자연어 처리, 랭킹 로직 및 추천 알고리즘 개발 경험이 있으신 분 - Python 또는 R 등의 데이터를 다루기 위한 언어를 1 개 이상 능숙하게 사용 가능하신 분 -수학 및 통계 이론을 이해..."
d9470ee259f7457b,Cloud Infrastructure Architect,Amazon Web Services Korea LLC 서울,,"through DevOps scripting (E.g. shell, Python, Ruby, Powershell) · Configuration... 스크립팅 (예 : shell, Python, Ruby, Powershell..."
c663e60e53d11e2b,스포카(도도포인트)프로그래머/PM/기획 채용,스포카 서울 역삼동,,"쓸 수 있는 프로그램을 직접 만들고 운영해 본 경험이 있는 분 - Python 실무에서 2년 이상 사용한 경험이 있는 분 -RDBMS 사용 경험이... 사내 도구는 Rust와 Haskell, Python 사용 Android개발..."
62d8726bc5e89cf8,"딥러닝, 인공지능(AI) 외 경력 정규직",블록체인씨앤에스 서울 성동구,,"경험 - AI(M/L, D/L) 기반 다양한 모델 개발 경험자, Python/Tensorflow 활용 경험자 병역특례자 00 명 근무조... 머신러닝(ML)|인터넷·IT·통신·모바일·게임>응용프로그래머> Python"
a7c68eba65a950aa,지스트 블록체인경제센터 계약직연구원,광주과학기술원 광주 북구,,구직 1명 블록체인 개발 블록체인 경제 블록체인 하드포크 1) SW프로그래밍 제작 경험자 2) Python/C/Java/Go 프로그래밍 가능자 우대사항 ① 국가보훈대상자(취업보호대상자) 및 장애인은 관련 법령...
f915f667e4052f91,Back-end Engineer,Terra 서울,,"고민 우대사항 Language: JavaScript, TypeScript, Go, Rust, Python Database: PostgreSQL, Redis, ElasticSearch Cloud Infrastructure..."
2625bdacef9c5d08,"Specialist Solutions Architect III, AI/M...",Amazon Web Services Korea LLC 서울,,"Spark and Hadoop. · Experienced in data processing with Python, R & SQL. · Experience with AWS services related to AI/ML..."
d498993697237b33,AI(인공지능) 개발자,휴먼디지털 서울,,를 활용한 Machine Learning(Deep Learning) 개발 경험자 우대 3. C/C++/C#/ Python 등 프로그래밍 경험자 우대 4. 분산시스템에 대한 이해가 있는 분 우대 근무지 서울 연봉 회사내규에따름...
92f04fc62c6d6a7a,"Technical Solutions Consultant, Android...",Google 4.3 서울,,"general purpose programming language (e.g. Java, C/C++, Python). Experience in managing strategic partnerships or client..."
